Date,Open,High,Low,Close,Adj Close,Volume
2012-01-03,435.27301,435.27301,425.050995,434.835999,353.843781,749850
2012-01-04,434.618011,434.618011,423.27301,428.072998,348.340454,603818
2012-01-05,430.472992,430.472992,417.27301,418.364014,340.439911,559045
2012-01-06,422.290985,434.072998,422.182007,431.127014,350.825653,839198
2012-01-09,432,439.963989,428.618011,439.963989,358.016632,1218791
2012-01-10,440.399994,444.904999,435.164001,435.164001,354.110687,832450
2012-01-11,436.255005,440.835999,431.018005,436.364014,355.087189,968940
2012-01-12,438.654999,442.144989,435.054993,435.600006,354.465515,612523
2012-01-13,438.109009,441.927002,424.144989,437.782013,356.241089,566936
2012-01-16,437.235992,442.472992,429.927002,437.454987,355.975006,703414
2012-01-17,443.127014,443.127014,435.709015,440.509003,358.460175,534693
2012-01-18,438.872986,453.600006,436.61499,452.072998,367.87027,592730
2012-01-19,452.399994,467.018005,451.30899,459.817993,374.172638,887429
2012-01-20,461.018005,461.018005,452.399994,460.908997,375.060455,797729
2012-01-23,460.799988,464.354004,451.635986,452.072998,367.87027,747924
2012-01-24,450.764008,450.764008,436.364014,441.817993,359.525299,1094906
2012-01-25,441.927002,445.635986,439.635986,440.509003,358.460175,986454
2012-01-26,460.364014,494.72699,459.927002,486,395.477966,4649618
2012-01-27,481.527008,500.835999,475.635986,493.200012,401.336945,2178864
2012-01-30,490.908997,504,483.054993,487.963989,397.076233,1593425
2012-01-31,490.799988,500.072998,477.23999,486.981995,396.2771,1268137
2012-02-01,479.563995,499.527008,477.054993,488.072998,397.164886,2047024
2012-02-02,496.036011,501.600006,487.200012,500.072998,406.92981,1520517
2012-02-03,494.399994,519.491028,494.399994,519.382019,422.642334,1632864
2012-02-06,521.018005,521.018005,504.109009,514.908997,419.002472,1142683
2012-02-07,517.41803,517.41803,495.817993,503.454987,409.681885,1251057
2012-02-08,507.709015,514.255005,499.30899,501.817993,408.349792,1140305
2012-02-09,503.782013,508.799988,498.654999,501.381989,407.994965,596544
2012-02-10,501.817993,501.927002,490.723999,500.072998,406.92981,607534
2012-02-13,500.290985,510.217987,499.417999,501.054993,407.728912,697991
2012-02-14,501.600006,507.054993,496.69101,500.509003,407.284576,684060
2012-02-15,500.399994,511.963989,496.582001,509.673004,414.74173,932373
2012-02-16,508.582001,511.196014,499.527008,506.945007,412.52182,856172
2012-02-17,510.981995,522.218018,507.600006,517.744995,421.310211,785598
2012-02-20,519.164001,519.164001,509.235992,512.072998,416.694702,644841
2012-02-21,509.890991,513.065002,499.855011,506.72699,412.344421,779449
2012-02-22,503.345001,510.654999,498.545013,500.72699,407.462006,1163817
2012-02-23,500.072998,503.673004,488.290985,495.600006,403.289948,1080714
2012-02-24,490.364014,494.835999,484.364014,489.600006,398.407532,1933361
2012-02-27,488.945007,494.182007,481.744995,493.417999,401.514343,969381
2012-02-28,495.054993,503.673004,490.908997,499.527008,406.485474,1810484
2012-02-29,489.054993,489.054993,477.709015,479.454987,398.529114,1268779
2012-03-01,477.600006,490.799988,476.182007,479.782013,398.800964,1236447
2012-03-02,482.072998,485.673004,477.817993,484.255005,402.518951,1116333
2012-03-05,433.600006,446.600006,422,441.399994,366.897308,1197442
2012-03-06,439.899994,442.399994,426,431.700012,358.834534,1606349
2012-03-07,429.100006,439.399994,429.100006,433,359.915161,1260948
2012-03-08,439.100006,440.799988,431.399994,435,361.577576,1041358
2012-03-09,433,438.5,433,437.600006,363.738708,813700
2012-03-12,434.899994,437.5,432.763,435.799988,362.242493,812796
2012-03-13,434.799988,442.899994,434.799988,441.200012,366.73111,772562
2012-03-14,445.299988,461.399994,444.390991,454.299988,377.619965,1890156
2012-03-15,457,460.399994,445.299988,450,374.045746,1447135
2012-03-16,452.600006,462.799988,449.053009,450.299988,374.295105,2354674
2012-03-19,454.700012,457.899994,450,453.299988,376.788727,669395
2012-03-20,453.700012,453.73999,443.899994,450.100006,374.128906,917170
2012-03-21,453.200012,455.070007,442.5,443.799988,368.892242,1099453
2012-03-22,447,458.799988,441.897003,454.299988,377.619965,1722339
2012-03-23,459.899994,467.299988,457.799988,461.399994,383.521606,1493285
2012-03-26,480,499.700012,477.179993,495.799988,412.115295,3809470
2012-03-27,504,504,486.700012,488.100006,405.714966,1465076
2012-03-28,477.799988,496,477.799988,489.100006,406.546204,994500
2012-03-29,496.600006,496.600006,473.899994,478.299988,397.569092,1321361
2012-03-30,488.899994,489,482.399994,485.799988,403.803162,1422083
2012-04-02,485.5,490.299988,480,487.100006,404.883759,953481
2012-04-03,490,490,481.899994,485,403.138153,1034484
2012-04-04,488.100006,488.100006,477.5,483.799988,402.140747,1281878
2012-04-05,491.600006,497.5,480.899994,486.799988,404.634338,1346986
2012-04-10,486.799988,487,472.799988,475.299988,395.075439,1073737
2012-04-11,478.5,482.5,464.600006,471,391.501221,1383459
2012-04-12,473.899994,493.799988,468.579987,491.399994,408.457947,1012101
2012-04-13,490.600006,493.299988,476,480.899994,399.730194,846793
2012-04-16,481.5,481.5,466.899994,480.100006,399.065247,1292729
2012-04-17,477.799988,489,476.200012,487.5,405.216248,1133671
2012-04-18,490.299988,492,480.600006,483.700012,402.057648,2516737
2012-04-19,487.100006,495,483.647003,489.399994,406.795563,1920278
2012-04-20,488.600006,498.600006,488.600006,498,413.94397,1226297
2012-04-23,492.5,494.100006,479.799988,483.899994,402.223846,1067098
2012-04-24,490,498.5,488.899994,494.200012,410.7854,1198118
2012-04-25,495.100006,499,486.600006,487.100006,404.883759,1380152
2012-04-26,491.799988,495.799988,486.5,492.399994,409.289185,737324
2012-04-27,489.299988,495.5,488.75,495,411.450348,893663
2012-04-30,494.399994,497.200012,490.899994,495.899994,412.198425,860823
2012-05-01,493.200012,518.5,493.200012,513.5,426.827789,988896
2012-05-02,518.5,518.5,508,517.5,430.152618,1303487
2012-05-03,517.5,521.5,513,519,431.399445,1352120
2012-05-04,520.5,520.5,511.5,514.5,427.658966,1447284
2012-05-08,514.5,517,506.5,509,423.087341,1310197
2012-05-09,520,531,507.5,527.5,438.464752,1749731
2012-05-10,530,536.5,522,522.5,434.308655,1548269
2012-05-11,523,536.5,517.5,534,443.867645,1147054
2012-05-14,531,531,514,518.5,430.983826,955140
2012-05-15,522,526,509,514.5,427.658966,1107534
2012-05-16,511,514.5,507.5,509.5,423.502899,1061167
2012-05-17,511,511,492.200012,494.899994,411.367218,1364752
2012-05-18,495.299988,495.299988,486.5,487.700012,405.382507,956704
2012-05-21,486,495.799988,474.700012,494.700012,411.200989,958526
2012-05-22,506.5,506.5,489.600006,494,410.619141,1196167
2012-05-23,490.399994,493.899994,480,481.200012,399.979614,1258796
2012-05-24,486.799988,491.200012,479.700012,489.899994,407.211151,845396
2012-05-25,490.100006,494,486.100006,490,407.29425,1446103
2012-05-29,491.299988,500.5,487,494.600006,411.117859,1785650
2012-05-30,492.5,503,490.899994,497,413.112762,1195749
2012-05-31,498,502,496.200012,500.5,416.021973,1257977
2012-06-01,498.200012,498.200012,481,484.899994,403.055084,1239336
2012-06-06,484.899994,497.799988,484.899994,497,413.112762,1024497
2012-06-07,498.700012,500,491.399994,493.799988,410.452881,1034888
2012-06-08,493.399994,502.5,492.299988,500,415.606354,1448886
2012-06-11,509.5,509.5,498.100006,499.899994,415.523285,689298
2012-06-12,491.899994,494,484.5,489,406.463043,1615664
2012-06-13,487.700012,495.899994,482.399994,490.299988,407.54364,989425
2012-06-14,488.5,499.600006,484.959991,497.899994,413.86084,905551
2012-06-15,498.5,507.804993,494.899994,507.5,421.840485,3521539
2012-06-18,508,516.5,499.600006,511,424.749756,2048225
2012-06-19,510.5,524,507,523.5,435.139923,1093075
2012-06-20,525,534.5,523.844971,532,442.2052,1416212
2012-06-21,527,539,525.679993,536,445.530029,1127368
2012-06-22,532,532.5,520,523.5,435.139923,1009640
2012-06-25,524.5,532,520,525.5,436.802338,587787
2012-06-26,530,535.5,524,527,438.049164,924794
2012-06-27,531,535.5,524.254028,528,438.880371,1191277
2012-06-28,532,532.5,514,516.5,429.321381,2036460
2012-06-29,527.5,534,521,531.5,441.789612,1632476
2012-07-02,533.5,533.5,525,532,442.2052,1168673
2012-07-03,533.5,543,528.5,539.5,448.439301,1171118
2012-07-04,539,546,529.5,546,453.842163,754671
2012-07-05,544.5,548.5,527,530,440.542816,1684222
2012-07-06,528,532.5,524.929993,531,441.373962,1499705
2012-07-09,531.5,543.5,528,534.5,444.283203,913088
2012-07-10,536,544,536,538,447.192444,811548
2012-07-11,539.5,544,533.5,538.5,447.608063,1406593
2012-07-12,537.5,546,535,543,451.348602,2271141
2012-07-13,545,548.5,539.5,548.5,455.920197,1149117
2012-07-16,546,559.5,540.539978,556.5,462.569916,1009835
2012-07-17,559,565,555,558,463.816772,984228
2012-07-18,558,565.56897,556,563,467.972839,551689
2012-07-19,562,567.640015,552,552,458.829437,1028745
2012-07-20,553,559.666992,551,553.5,460.076294,586823
2012-07-23,552,552,537.5,540.5,449.270538,670826
2012-07-24,540.5,542.5,527,531,441.373962,945606
2012-07-25,544.5,550,539,542.5,450.932922,1930279
2012-07-26,543,569.5,543,569.5,473.375732,2277250
2012-07-27,577,578,563,567.5,471.713226,1210729
2012-07-30,569,576.5,565.5,572,475.453735,1173292
2012-07-31,571.5,578.5,561,561,466.310303,1033327
2012-08-01,562.5,569.140015,559.5,560.5,465.894745,1469536
2012-08-02,560.5,570.328003,559.5,561,466.310303,1738533
2012-08-03,564.5,573,561.52002,572.5,475.869263,1289512
2012-08-06,570,576.5,566,570,473.79129,448672
2012-08-07,570,572.5,567.5,571.5,475.038025,534760
2012-08-08,570,572,561,564,468.804077,1520024
2012-08-09,564.5,569,556,557,462.985535,912427
2012-08-10,554,557.5,546.5,555.5,461.738617,1034565
2012-08-13,554.5,556,550,553,459.660614,771895
2012-08-14,554.5,558,551,553.5,460.076294,471093
2012-08-15,550.5,552.5,533.736023,547,454.673401,851416
2012-08-16,547.5,552,544.5,546.5,454.257782,539110
2012-08-17,545.5,547.994995,541.5,547.5,455.08902,613026
2012-08-20,547,552,540,545,453.010956,733621
2012-08-21,545.5,551,544.5,545,453.010956,909383
2012-08-22,542.5,545.5,538,541,449.686096,789148
2012-08-23,545,546,540,542,450.517365,1130567
2012-08-24,542,546,537,538.5,447.608063,612936
2012-08-28,538.5,539.5,525,532,442.2052,881051
2012-08-29,534,538,528,535,444.698853,664925
2012-08-30,534,535.5,531,533,443.036407,284958
2012-08-31,533,534.5,529.5,531,441.373962,651546
2012-09-03,530,536.5,524.5,533.5,443.452026,998511
2012-09-04,534,534,528.5,530,440.542816,769242
2012-09-05,532,550,529.5,544,452.17981,1751512
2012-09-06,549.5,564,547.780029,562.5,467.55722,1475772
2012-09-07,563,571.5,550.075012,561,466.310303,992602
2012-09-10,562.5,567.5,556.5,560.5,465.894745,592092
2012-09-11,557.5,570,551.5,556.5,462.569916,529074
2012-09-12,562.5,562.5,553,556.5,462.569916,668992
2012-09-13,554.5,564.5,553.5,561.5,466.725983,1155709
2012-09-14,570,574,566.5,572,475.453735,2350491
2012-09-17,570,578,567.5,569,472.960114,1118891
2012-09-18,567.5,574,565.5,570,473.79129,1101969
2012-09-19,570,575,570,573,476.284973,1190841
2012-09-20,572.5,587,570.5,582.5,484.181519,1515231
2012-09-21,587.5,599,584.5,593.5,493.324799,2406041
2012-09-24,593,598,585.5,589,489.584351,506931
2012-09-25,591,591,578,580,482.103424,1245479
2012-09-26,577.5,584.5,573.5,580,482.103424,1436340
2012-09-27,581.5,583.5,577.5,580,482.103424,975637
2012-09-28,583,588,580.5,580.5,482.518982,806921
2012-10-01,579.5,593,578,591.5,491.662323,1088145
2012-10-02,586.5,597.5,584,594,493.740448,1637551
2012-10-03,610,627.5,602,615,511.195892,5958112
2012-10-04,617,618.5,613.5,617,512.858215,3512680
2012-10-05,617,625.5,616,619.5,514.93634,2282842
2012-10-08,626,629.5,618.5,619.5,514.93634,2137343
2012-10-09,623.5,624.580017,601.283997,611,507.871002,1304267
2012-10-10,609,611.22699,602.5,606,503.714935,1746844
2012-10-11,605,608,600.5,606,503.714935,1552299
2012-10-12,603.5,606,597,597.5,496.649658,1007183
2012-10-15,598.5,603,596,599.5,498.312073,593509
2012-10-16,600,603,594.606995,600,498.727722,2526711
2012-10-17,601,602,598,601,499.55896,2162797
2012-10-18,601,617,596.159973,614.5,510.780243,9045652
2012-10-19,614.5,621.5,613,617.5,513.273865,3194892
2012-10-22,617,620.5,606.5,608,505.377411,1242349
2012-10-23,608.5,612,598.945984,600.5,499.143341,1048905
2012-10-24,602,609,598.5,608,505.377411,1616650
2012-10-25,609,624.5,608,619.5,514.93634,2049856
2012-10-26,614,621,611,621,516.183167,1829005
2012-10-29,619,619.606018,615,617.5,513.273865,712652
2012-10-30,619.5,621.776001,616.5,619,514.520752,781013
2012-10-31,618,626,618,625,519.507935,1520213
2012-11-01,626,636.5,624,634,526.988892,1899266
2012-11-02,635.5,641.536987,632,634,526.988892,1625859
2012-11-05,646.5,649.5,635.5,641,532.807373,1745456
2012-11-06,644,647.5,639,643.5,534.885437,1027204
2012-11-07,642.5,648.5,635,636.5,529.066895,1401393
2012-11-08,639,644,635.5,641.5,533.223083,940530
2012-11-09,640.5,651,637.5,649.5,539.87262,1971563
2012-11-12,649.5,653.5,645.400024,650,540.288269,1008520
2012-11-13,647.5,656,646,654.5,544.028748,861292
2012-11-14,658,667.5,653.5,659.5,548.184875,2168282
2012-11-15,654.5,660,638.5,646,536.96344,1407394
2012-11-16,644.5,649,636.5,641,532.807373,1319618
2012-11-19,650,653.5,637.5,652.5,542.366333,1250391
2012-11-20,667,700,664.710022,692,575.199219,3674734
2012-11-21,698,699,679,682,566.887146,1872951
2012-11-22,693,694.5,686.5,693.5,576.446045,713171
2012-11-23,691,697,682,695.5,578.108459,766928
2012-11-26,697.5,709.409973,695.5,706.5,587.251831,1817970
2012-11-27,710,712,698,703,584.342651,973137
2012-11-28,702.5,707,695,706,586.836182,1139029
2012-11-29,709,711,703,709,589.329895,791151
2012-11-30,710,718.5,705,715.5,594.732727,1203509
2012-12-03,712,728,710,727.5,604.707275,1025649
2012-12-04,725,732,723.5,730,606.785339,950085
2012-12-05,733,736,728,731,607.616577,739476
2012-12-06,734,740.5,731.429993,738.5,613.850708,632395
2012-12-07,740,740,730,732,608.447815,1171375
2012-12-10,732,738.5,730,738,613.434998,1059088
2012-12-11,732,745.01001,732,739,614.266296,801329
2012-12-12,738.5,739.5,729,730.5,607.200928,1237087
2012-12-13,728,735,723.5,727,604.291687,1068726
2012-12-14,725.5,733,725.429993,732,608.447815,965289
2012-12-17,733.5,740,730.460022,737,612.603821,1089090
2012-12-18,738.5,755,738,753.5,626.318848,1168976
2012-12-19,750,772.502991,747,772.5,642.111877,2005578
2012-12-20,770.5,776,766,772.5,642.111877,1496251
2012-12-21,769,777,762.5,767.5,637.955811,1238517
2012-12-24,760.5,779.5,760.5,779.5,647.930359,220126
2012-12-27,779.5,780,768.5,778.5,647.099182,509389
2012-12-28,777,778.5,765,767,637.540161,309827
2012-12-31,762.5,769,760,765.5,636.293335,101870
2013-01-02,765.5,800.150024,765.5,794,659.982971,1173978
2013-01-03,788,817.099976,783,817,679.100891,1578651
2013-01-04,809.5,823,807.5,821,682.42572,839601
2013-01-07,820,844,820,840.5,698.634338,1717669
2013-01-08,830,837,818.5,821,682.42572,4632900
2013-01-09,823,829,816.969971,822,683.256897,891315
2013-01-10,822.5,840.5,819.5,834,693.231445,2424569
2013-01-11,826,848.538025,819,848,704.868408,1239335
2013-01-14,845,848.5,838,845,702.374878,636668
2013-01-15,844.5,862.078979,842.200012,861.5,716.089783,1518049
2013-01-16,858,870,853.5,867.5,721.077026,2101919
2013-01-17,868.5,874.5,865,869,722.323853,789060
2013-01-18,880,886.5,868.5,872,724.817505,1372019
2013-01-21,860,864,851,857.5,712.764954,3438699
2013-01-22,857.5,865,852.5,857,712.349243,1042671
2013-01-23,855,862.5,853,855,710.686951,1226271
2013-01-24,884,903.5,881.5,898.5,746.844666,4264470
2013-01-25,915,948,909,945,785.496094,3550828
2013-01-28,941.5,945.799988,912,935.5,777.599609,1740730
2013-01-29,931,940.424011,923,932,774.690308,767988
2013-01-30,932.5,941.210022,925.219971,929.5,772.612244,953543
2013-01-31,929.5,940,925,931,773.85907,1640788
2013-02-01,924,963,919.5,962,799.626709,1923788
2013-02-04,961.5,967.89502,948,952.5,791.730225,995712
2013-02-05,951,957.5,938.5,948.5,788.405334,834618
2013-02-06,962,990,946.5,962,799.626709,1894320
2013-02-07,961.5,965,955,958.5,796.717468,1659635
2013-02-08,960,983,956,981,815.419678,1452789
2013-02-11,977.5,978.780029,966,970,806.276306,636798
2013-02-12,967.5,987,965.5,986.5,819.991455,837260
2013-02-13,985,1003,984.840027,1002,832.875183,940867
2013-02-14,998.5,1002.900024,980.471008,991.5,824.147461,852416
2013-02-15,988.5,1003.51001,985.5,999.5,830.79718,837598
2013-02-18,999,1009.280029,987.5,990.5,823.316284,744255
2013-02-19,989.5,1023,985.780029,1010,839.524902,1232031
2013-02-20,1011,1017.940002,998.5,1015,843.680969,974659
2013-02-21,1005,1009,991.849976,996,827.887939,1361222
2013-02-22,1004,1010.320007,995.5,999.5,830.79718,845376
2013-02-25,1003,1003.840027,982.159973,990,822.900696,1164785
2013-02-26,975.5,1001,965.580017,997.5,829.134766,1014827
2013-02-27,980,985,964.5,977.5,830.408997,1070332
2013-02-28,984,1007,984,997,846.974792,1333203
2013-03-01,1001,1025,998,1017,863.965149,1121847
2013-03-04,1015,1026,1004,1022,868.21283,781006
2013-03-05,1026,1055,1026,1048,890.300415,993467
2013-03-06,1054,1058,1035,1049,891.149963,1485040
2013-03-07,1048,1057.390015,1038.630005,1055,896.24707,1843158
2013-03-08,1057,1070,1049,1058,898.795593,1225919
2013-03-11,1059,1068.880005,1052,1064,903.892822,792460
2013-03-12,1060,1078,1060,1065,904.742371,1247600
2013-03-13,1063,1071,1061.719971,1071,909.839417,1384167
2013-03-14,1074,1086,1061,1069,908.140381,1717093
2013-03-15,1069,1080,1060,1072,910.688965,9471649
2013-03-18,1057,1072,1052.420044,1066,905.591919,5688931
2013-03-19,1065,1069,1051,1060,900.494629,1760319
2013-03-20,1065,1072,1048,1050,891.999512,1584537
2013-03-21,1049,1051,1020,1028,873.309937,1131177
2013-03-22,1023,1036,1012,1031,875.858521,1648875
2013-03-25,1040,1058,1031,1039,882.654724,1765936
2013-03-26,1042,1062.349976,1038,1059,899.645081,1388214
2013-03-27,1064,1076.670044,1041,1056,897.096619,1184855
2013-03-28,1052,1084,1052,1080,917.485107,1098594
2013-04-02,1080,1132.349976,1071,1128,958.262268,1573246
2013-04-03,1122,1143.380005,1116,1127,957.41272,1154733
2013-04-04,1128,1130.280029,1090.48999,1097,931.927124,2154999
2013-04-05,1081,1084,1006,1027,872.460388,4389057
2013-04-08,1039,1053,1022,1023,869.062378,1319439
2013-04-09,1035,1044.449951,1018,1022,868.21283,1041602
2013-04-10,1052,1101,1052,1090,925.980347,3008823
2013-04-11,1084,1120.880005,1084,1108,941.271851,1896166
2013-04-12,1107,1112,1088,1103,937.024231,1356580
2013-04-15,1101,1147,1100.060059,1138,966.757568,1273881
2013-04-16,1128,1153,1109.420044,1149,976.102234,1212950
2013-04-17,1159,1168.349976,1137,1140,968.456604,1332983
2013-04-18,1147,1148.26001,1110,1110,942.970886,1350175
2013-04-19,1111,1116,1094,1109,942.121277,1560885
2013-04-22,1116,1143.170044,1114,1124,954.864197,809331
2013-04-23,1131,1154.5,1123.719971,1150,976.951721,991629
2013-04-24,1150,1159.160034,1132.589966,1144,971.854675,1076037
2013-04-25,1142,1152,1130.349976,1138,966.757568,961675
2013-04-26,1138,1140,1123,1135,964.209045,847196
2013-04-29,1140,1142,1125,1135,964.209045,804330
2013-04-30,1139,1139.280029,1107,1117,948.91748,1785536
2013-05-01,1128,1130,1110.76001,1130,959.961304,931178
2013-05-02,1129,1136,1114,1134,963.359436,1801653
2013-05-03,1138,1138,1122.380005,1133,962.509827,1390628
2013-05-07,1133,1140,1124,1138,966.757568,1273641
2013-05-08,1138,1153,1134,1150,976.951721,2059959
2013-05-09,1146,1157,1135,1153,979.500305,970677
2013-05-10,1150,1162,1147,1153,979.500305,1450263
2013-05-13,1151,1151,1138,1142,970.15564,780279
2013-05-14,1143,1146,1122,1130,959.961304,1667258
2013-05-15,1136,1228,1134,1224,1039.816406,2467521
2013-05-16,1229,1276.01001,1207,1211,1028.772705,2300050
2013-05-17,1211,1211,1181,1188,1009.233704,2437645
2013-05-20,1202,1246,1199,1235,1049.161377,1240280
2013-05-21,1236,1255,1232,1252,1063.603149,1740343
2013-05-22,1246,1291.329956,1246,1285,1091.637451,1546245
2013-05-23,1254,1285,1249,1266,1075.49646,2655977
2013-05-24,1274,1280,1242,1250,1061.904053,1032633
2013-05-28,1250,1310,1250,1300,1104.380249,1680843
2013-05-29,1299,1299,1249.780029,1258,1068.700439,1185992
2013-05-30,1255,1269,1251,1269,1078.045044,1208110
2013-05-31,1272,1274.060059,1231.790039,1266,1075.49646,9274046
2013-06-03,1262,1265,1218.719971,1221,1037.267944,1417918
2013-06-04,1234,1268,1234,1263,1072.947998,1031172
2013-06-05,1260,1265,1229,1234,1048.311768,1115087
2013-06-06,1232,1242,1184,1184,1005.835632,1435965
2013-06-07,1190,1209,1178,1194,1014.330811,1279153
2013-06-10,1196,1233.069946,1189.319946,1226,1041.515503,1659843
2013-06-11,1233,1251,1219.25,1229,1044.064209,2793623
2013-06-12,1225,1229.089966,1208,1214,1031.321289,1014631
2013-06-13,1196,1239,1172,1238,1051.709961,1353835
2013-06-14,1240,1264.359985,1235,1252,1063.603149,1088552
2013-06-17,1250,1272,1247,1252,1063.603149,969076
2013-06-18,1249,1299,1249,1279,1086.540283,1262277
2013-06-19,1277,1286.449951,1260,1279,1086.540283,771990
2013-06-20,1257,1281.27002,1238,1243,1055.95752,1370567
2013-06-21,1244,1270,1235,1245,1057.656494,2192254
2013-06-24,1244,1252,1201,1209,1027.073853,1289960
2013-06-25,1224,1256.52002,1211,1248,1060.205078,1034818
2013-06-26,1259,1286,1251,1279,1086.540283,1102031
2013-06-27,1284,1299.829956,1268,1295,1100.13269,982738
2013-06-28,1293,1305,1287,1296,1100.9823,1179047
2013-07-01,1312,1347,1297.5,1347,1144.307861,934816
2013-07-02,1337,1347,1314,1331,1130.715454,871566
2013-07-03,1314,1329,1309,1320,1121.370728,1199653
2013-07-04,1339,1379,1332,1367,1161.298462,1166902
2013-07-05,1367,1383,1333,1340,1138.361206,1090406
2013-07-08,1351,1374,1340,1354,1150.254639,753703
2013-07-09,1359,1375.290039,1322,1335,1134.113647,1267133
2013-07-10,1334,1354,1312.47998,1336,1134.963135,1890220
2013-07-11,1348,1354,1320,1347,1144.307861,952355
2013-07-12,1343,1362,1343,1352,1148.55542,472245
2013-07-15,1357,1368,1343,1358,1153.65271,574710
2013-07-16,1364,1370,1335.719971,1350,1146.856445,589099
2013-07-17,1364,1364,1312,1350,1146.856445,993769
2013-07-18,1370,1410,1365,1406,1194.42981,1105553
2013-07-19,1399,1407,1386,1402,1191.031738,774523
2013-07-22,1401,1404.550049,1385,1387,1178.28894,645000
2013-07-23,1376,1380,1318,1336,1134.963135,2138628
2013-07-24,1402,1459.099976,1380.969971,1385,1176.589722,3252938
2013-07-25,1410,1415.959961,1376,1396,1185.93457,1118044
2013-07-26,1400,1409,1347,1360,1155.351685,1160579
2013-07-29,1353,1377.810059,1350,1368,1162.147949,711202
2013-07-30,1375,1416,1373,1411,1198.677368,1152314
2013-07-31,1409,1422,1388,1412,1199.526855,1241701
2013-08-01,1421,1437,1414,1431,1215.667725,771948
2013-08-02,1432,1456,1432,1448,1230.109741,727225
2013-08-05,1451,1465,1431,1441,1224.163086,730075
2013-08-06,1445,1461,1419,1427,1212.269775,1118756
2013-08-07,1416,1430.300049,1380,1386,1177.439209,1305309
2013-08-08,1389,1392.300049,1365.719971,1383,1174.890747,1020363
2013-08-09,1386,1396,1373,1377,1169.793579,628390
2013-08-12,1379,1381,1327.349976,1328,1128.166748,1178521
2013-08-13,1335,1357.280029,1328,1344,1141.759277,912453
2013-08-14,1348,1364,1302.709961,1310,1112.87561,1282481
2013-08-15,1307,1314,1236.800049,1252,1063.603149,2282860
2013-08-16,1255,1264.199951,1232,1257,1067.850708,1694033
2013-08-19,1258,1285.27002,1257.400024,1267,1076.346191,772635
2013-08-20,1266,1278,1245,1275,1083.142212,1096509
2013-08-21,1274,1285,1268,1271,1079.744263,793405
2013-08-22,1270,1290.160034,1270,1277,1084.841187,822436
2013-08-23,1275,1283,1263,1265,1074.646973,838859
2013-08-27,1265,1278,1228,1234,1048.311768,2171072
2013-08-28,1229,1229,1169,1212,1029.622314,1988384
2013-08-29,1218,1261,1218,1259,1069.549927,1138038
2013-08-30,1266,1267,1220,1233,1047.46228,1158243
2013-09-02,1241,1288.859985,1241,1284,1090.787964,995172
2013-09-03,1299,1315,1277,1280,1087.389771,1709494
2013-09-04,1199,1222,1181,1215,1032.170776,4351246
2013-09-05,1229,1259,1225,1236,1050.010864,1777956
2013-09-06,1236,1264,1236,1255,1066.151733,1964499
2013-09-09,1256,1271,1251,1267,1076.346191,1237870
2013-09-10,1272,1360,1264,1358,1153.65271,2465737
2013-09-11,1360,1372,1319,1325,1125.618408,1531324
2013-09-12,1328,1342.670044,1297.719971,1321,1122.220337,870733
2013-09-13,1313,1335,1287,1300,1104.380249,2231467
2013-09-16,1319,1335.099976,1318.01001,1331,1130.715454,736301
2013-09-17,1332,1338,1324.599976,1325,1125.618408,779521
2013-09-18,1329,1334,1299,1310,1112.87561,940142
2013-09-19,1332,1332,1294,1294,1099.283203,1092686
2013-09-20,1290,1323.790039,1289,1296,1100.9823,1359521
2013-09-23,1295,1314,1287.609985,1288,1094.186035,673422
2013-09-24,1290,1304,1279.640015,1298,1102.681274,1110019
2013-09-25,1299,1311,1279.5,1303,1106.928711,1233159
2013-09-26,1308,1320,1286,1287,1093.336548,1201723
2013-09-27,1290,1303,1263,1274,1082.292603,919267
2013-09-30,1257,1282,1245,1278,1085.690674,886286
2013-10-01,1278,1367,1276,1318,1119.671753,1753094
2013-10-02,1311,1317,1290,1314,1116.273682,1193707
2013-10-03,1323,1342,1294,1308,1111.176514,1681867
2013-10-04,1306,1313,1287.359985,1297,1101.831787,941666
2013-10-07,1289,1293.839966,1248.719971,1260,1070.399414,949647
2013-10-08,1256,1265,1228,1230,1044.913574,941247
2013-10-09,1225,1230.209961,1205,1216,1033.020386,1152147
2013-10-10,1221,1267,1212.140015,1253,1064.452515,1168302
2013-10-11,1253,1273,1249,1272,1080.593628,907223
2013-10-14,1266,1272.900024,1253,1263,1072.947998,454923
2013-10-15,1271,1283,1264,1272,1080.593628,757156
2013-10-16,1265,1280,1249,1279,1086.540283,1065804
2013-10-17,1266,1328,1266,1328,1128.166748,2063592
2013-10-18,1339,1360,1323,1360,1155.351685,1517303
2013-10-21,1363,1368,1350,1358,1153.65271,1005186
2013-10-22,1336,1349,1301,1336,1134.963135,1855198
2013-10-23,1317,1348,1317,1348,1145.157471,958326
2013-10-24,1341,1355,1321,1348,1145.157471,1018231
2013-10-25,1333,1343.099976,1325,1329,1129.016602,847869
2013-10-28,1330,1338,1293,1300,1104.380249,1474805
2013-10-29,1293,1319,1290,1311,1113.724976,821081
2013-10-30,1330,1338.77002,1318,1321,1122.220337,1420757
2013-10-31,1321,1339.01001,1306,1309,1112.026123,1074500
2013-11-01,1314,1314,1283,1296,1100.9823,1195233
2013-11-04,1232,1264,1207,1230,1044.913574,4204183
2013-11-05,1236,1246.72998,1194,1203,1021.976501,2911042
2013-11-06,1225,1240.300049,1212,1214,1031.321289,3242799
2013-11-07,1221,1225.410034,1198,1200,1019.427917,1677951
2013-11-08,1199,1232,1198.040039,1225,1040.666138,2388607
2013-11-11,1229,1237,1216,1217,1033.869995,1021422
2013-11-12,1218,1229,1203,1227,1042.36499,1058789
2013-11-13,1224,1244,1214,1233,1047.46228,2221987
2013-11-14,1245,1251,1223,1237,1050.860229,857926
2013-11-15,1241,1265,1215.900024,1265,1074.646973,2276348
2013-11-18,1268,1288,1247,1256,1067.001343,2004203
2013-11-19,1296,1366.310059,1283.079956,1345,1142.608887,6170484
2013-11-20,1360,1384,1348.550049,1377,1169.793579,2121934
2013-11-21,1380,1418,1368,1413,1200.376465,1786481
2013-11-22,1406,1423.420044,1403.400024,1405,1193.5802,1525308
2013-11-25,1423,1445,1317,1434,1218.216431,1309836
2013-11-26,1432,1446.920044,1422.310059,1429,1213.968872,1324708
2013-11-27,1427,1448,1426,1444,1226.711548,1131655
2013-11-28,1445,1445,1403,1411,1198.677368,1119872
2013-11-29,1410,1443,1406.540039,1424,1209.721069,987849
2013-12-02,1444,1444,1407,1415,1202.075439,1054332
2013-12-03,1416,1424,1386,1386,1177.439209,1075147
2013-12-04,1391,1431,1386.099976,1407,1195.279297,1466108
2013-12-05,1403,1417,1384,1409,1196.978394,1040337
2013-12-06,1414,1432.800049,1399,1427,1212.269775,932589
2013-12-09,1435,1439,1423,1436,1219.915405,901048
2013-12-10,1430,1456,1429,1440,1223.313477,1094833
2013-12-11,1437,1496,1432,1481,1258.144043,1611614
2013-12-12,1490,1490,1450,1453,1234.357422,1028194
2013-12-13,1456,1484,1448,1474,1252.197266,808521
2013-12-16,1471,1507.319946,1465,1506,1279.382202,901132
2013-12-17,1505,1512,1497,1499,1273.435425,767885
2013-12-18,1507,1511.280029,1489.47998,1492,1267.48877,925099
2013-12-19,1500,1522,1490,1520,1291.275391,902320
2013-12-20,1526,1532,1491,1506,1279.382202,1039108
2013-12-23,1513,1519.459961,1500.300049,1516,1287.877319,438022
2013-12-24,1512,1533,1508,1521,1292.124878,82760
2013-12-27,1521,1540,1517.469971,1536,1304.867676,333744
2013-12-30,1542,1542,1506,1517,1288.726807,724861
2013-12-31,1530,1536,1512,1536,1304.867676,205629
2014-01-02,1536,1555.199951,1531.199951,1552,1318.460205,950235
2014-01-03,1555,1571.040039,1536,1565,1329.503906,670579
2014-01-06,1559,1615,1547,1597,1356.688721,1359872
2014-01-07,1605,1609,1572,1605,1363.484863,1147042
2014-01-08,1611,1633.329956,1606,1626,1381.324951,1146902
2014-01-09,1622,1651.920044,1615,1646,1398.31543,994883
2014-01-10,1636,1666,1636,1649,1400.864014,1506256
2014-01-13,1656,1707,1654,1691,1436.543945,1399406
2014-01-14,1683,1701.599976,1666,1695,1439.942017,1068081
2014-01-15,1668,1693,1639,1685,1431.446777,2200821
2014-01-16,1681,1691.400024,1666,1674,1422.102173,996688
2014-01-17,1670,1685,1660,1680,1427.199219,1466782
2014-01-20,1674,1683.560059,1664,1673,1421.252441,767900
2014-01-21,1675,1740,1668.599976,1710,1452.684814,1573880
2014-01-22,1713,1743,1712,1743,1480.719116,1395622
2014-01-23,1716,1722,1671,1672,1420.402954,3662097
2014-01-24,1670,1689,1621,1625,1380.475342,1539531
2014-01-27,1617,1628,1576,1587,1348.193481,1925908
2014-01-28,1590,1642,1589.599976,1616,1372.829712,1502822
2014-01-29,1625,1643.959961,1583,1603,1361.785889,1243647
2014-01-30,1597,1644.800049,1597,1637,1390.669678,747889
2014-01-31,1631,1645,1604,1644,1396.616089,1609288
2014-02-03,1650,1662.599976,1621,1635,1388.970703,1224542
2014-02-04,1625,1667.800049,1611,1660,1410.208618,1235525
2014-02-05,1663,1681,1653.030029,1661,1411.058228,1356274
2014-02-06,1671,1706,1664,1703,1446.738281,1203063
2014-02-07,1711,1730.599976,1700,1728,1467.976318,934036
2014-02-10,1732,1733.380005,1699,1709,1451.835327,677203
2014-02-11,1718,1735,1713,1731,1470.52478,906127
2014-02-12,1735,1743,1714,1734,1473.073364,634108
2014-02-13,1725,1731,1699,1726,1466.277222,1119937
2014-02-14,1722,1736.439941,1709,1713,1455.233521,961445
2014-02-17,1707,1734.069946,1707,1727,1467.126709,715736
2014-02-18,1732,1755,1729,1753,1489.214355,716144
2014-02-19,1749,1755,1730,1747,1484.117188,524346
2014-02-20,1734,1750,1713,1748,1484.966675,1169524
2014-02-21,1751,1753.219971,1719.880005,1744,1481.568604,709945
2014-02-24,1736,1772,1731,1772,1505.355225,821154
2014-02-25,1771,1776.709961,1747.199951,1771,1504.505859,1300053
2014-02-26,1704,1719,1669.290039,1680,1454.716431,1523976
2014-02-27,1679,1722,1673,1721,1490.218262,1183972
2014-02-28,1720,1731,1707,1721,1490.218262,1082598
2014-03-03,1693,1709,1674,1675,1450.386963,1390043
2014-03-04,1684,1734,1684,1731,1498.877319,1095668
2014-03-05,1730,1745.800049,1696.119995,1739,1505.804688,1845143
2014-03-06,1741,1760.589966,1711,1711,1481.559326,1147517
2014-03-07,1709,1721.969971,1681,1681,1455.582275,712903
2014-03-10,1679,1709,1639,1641,1420.946167,1097661
2014-03-11,1641,1670,1634,1655,1433.068726,1073447
2014-03-12,1648,1658,1620,1647,1426.141602,827840
2014-03-13,1655,1674,1631,1634,1414.884888,1094946
2014-03-14,1619,1641.530029,1591,1615,1398.432861,935467
2014-03-17,1613,1645,1613,1636,1416.616699,779767
2014-03-18,1640,1643.810059,1610,1625,1407.091919,1185475
2014-03-19,1628,1650,1602,1634,1414.884888,1037057
2014-03-20,1623,1624,1578,1608,1392.37146,1338863
2014-03-21,1607,1629,1606,1622,1404.494019,1121093
2014-03-24,1621,1633,1587,1632,1413.153076,1210202
2014-03-25,1700,1730,1682,1692,1465.107178,3353585
2014-03-26,1700,1727,1687,1723,1491.950195,1243644
2014-03-27,1717,1725.900024,1698,1711,1481.559326,1151793
2014-03-28,1717,1724,1699,1711,1481.559326,710889
2014-03-31,1725,1733.280029,1703,1715,1485.023071,1148877
2014-04-01,1723,1773.050049,1723,1773,1535.245361,1406814
2014-04-02,1776,1793,1772,1790,1549.96582,1288938
2014-04-03,1794,1806.02002,1771,1791,1550.831787,881461
2014-04-04,1813,1853,1798,1827,1582.00415,2029989
2014-04-07,1810,1826.949951,1789,1796,1555.161133,1009411
2014-04-08,1791,1794,1740,1750,1515.32959,1163902
2014-04-09,1757,1799,1757,1778,1539.574829,842466
2014-04-10,1786,1807.540039,1753,1761,1524.854614,1911175
2014-04-11,1741,1746.560059,1667.560059,1700,1472.034546,1555132
2014-04-14,1696,1702,1613,1640,1420.080444,1481574
2014-04-15,1642,1663,1605,1608,1392.37146,1129118
2014-04-16,1625,1656,1620,1653,1431.337158,1040711
2014-04-17,1658,1690,1654,1683,1457.314087,867696
2014-04-22,1683,1719,1679,1712,1482.425293,1030433
2014-04-23,1713,1723,1681,1686,1459.911743,663788
2014-04-24,1703,1737,1688,1699,1471.168579,1178320
2014-04-25,1696,1704,1653,1661,1438.264282,1181251
2014-04-28,1660,1677.560059,1623.609985,1628,1409.689453,1039794
2014-04-29,1639,1675.579956,1634,1663,1439.996094,827547
2014-04-30,1656,1661,1628,1637,1417.482544,1032675
2014-05-01,1637,1669,1637,1653,1431.337158,345760
2014-05-02,1654,1660,1638,1641,1420.946167,702405
2014-05-06,1641,1689.609985,1641,1667,1443.459717,1382978
2014-05-07,1698,1719,1669,1710,1480.693481,1701914
2014-05-08,1713,1725.01001,1701,1715,1485.023071,1226379
2014-05-09,1711,1721,1677,1685,1459.045898,1051509
2014-05-12,1686,1740,1685,1730,1498.011597,1271518
2014-05-13,1700,1704.650024,1626,1658,1435.666504,3142479
2014-05-14,1660,1689.609985,1652,1662,1439.130249,2143488
2014-05-15,1667,1670,1549,1550,1342.149048,3157426
2014-05-16,1558,1566,1473,1516,1312.708374,3185120
2014-05-19,1523,1590,1515,1587,1374.1875,2303752
2014-05-20,1585,1597,1567,1580,1368.126099,1556886
2014-05-21,1580,1595,1539,1550,1342.149048,1390769
2014-05-22,1556,1572,1541.199951,1550,1342.149048,1384603
2014-05-23,1556,1584.400024,1537,1572,1361.198975,663362
2014-05-27,1572,1593,1572,1588,1375.053467,939994
2014-05-28,1582,1592,1565,1565,1355.137573,957003
2014-05-29,1565,1661,1546,1548,1340.417236,1308156
2014-05-30,1550,1561,1527.900024,1530,1324.830933,1423335
2014-06-02,1539,1564,1539,1559,1349.942261,841675
2014-06-03,1566,1590,1560,1580,1368.126099,2252405
2014-06-04,1573,1591.699951,1562,1591,1377.651001,2005581
2014-06-05,1590,1604,1566.640015,1581,1368.992065,1791807
2014-06-06,1585,1606,1572,1603,1388.041992,1529476
2014-06-09,1610,1627.98999,1601,1608,1392.37146,824855
2014-06-10,1606,1607,1576.699951,1593,1379.382813,853202
2014-06-11,1591,1596.280029,1525.5,1530,1324.830933,2442880
2014-06-12,1532,1538,1497,1501,1299.719849,1646635
2014-06-13,1500,1503,1436,1457,1261.620117,2351721
2014-06-16,1450,1469,1413,1435,1242.570313,2088013
2014-06-17,1450,1468.839966,1427,1446,1252.095093,1574497
2014-06-18,1465,1480,1424.640015,1431,1239.106689,1271866
2014-06-19,1450,1460,1420,1425,1233.911255,1087821
2014-06-20,1420,1454,1416,1452,1257.290649,2288022
2014-06-23,1450,1450,1408,1423,1232.179565,1357544
2014-06-24,1428,1480,1424,1479,1280.669922,2448831
2014-06-25,1468,1486,1449,1474,1276.340454,1151234
2014-06-26,1479,1489,1457,1474,1276.340454,1340538
2014-06-27,1478,1481,1447,1459,1263.351929,1032528
2014-06-30,1400,1412.300049,1359,1365,1181.957031,4324720
2014-07-01,1373,1377.969971,1344.109985,1349,1168.102661,2451832
2014-07-02,1351,1369.72998,1322,1325,1147.321045,2803666
2014-07-03,1322,1376,1303,1348,1167.236816,3547857
2014-07-04,1365,1398,1356,1361,1178.49353,1972432
2014-07-07,1366,1375,1325,1325,1147.321045,1357048
2014-07-08,1315,1317,1245,1248,1080.646484,4108718
2014-07-09,1259,1301,1259,1287,1114.416748,4197413
2014-07-10,1291,1295,1242.02002,1272,1101.428223,3090726
2014-07-11,1281,1317,1262,1266,1096.232666,2852441
2014-07-14,1269,1282,1235,1244,1077.182861,2039135
2014-07-15,1246,1297,1239,1277,1105.75769,2173432
2014-07-16,1289,1358.790039,1289,1357,1175.029907,3425607
2014-07-17,1355,1355,1325,1341,1161.175415,1891515
2014-07-18,1346,1353,1320,1348,1167.236816,2465134
2014-07-21,1350,1352.280029,1322,1345,1164.638916,2497943
2014-07-22,1347,1398,1343.969971,1397,1209.666016,2917461
2014-07-23,1392,1420,1387,1403,1214.861328,4134826
2014-07-24,1350,1375,1285,1333,1154.248169,8944039
2014-07-25,1330,1349,1324,1332,1153.382324,3744585
2014-07-28,1341,1358,1339,1344,1163.773193,1436460
2014-07-29,1347,1349,1303.939941,1304,1129.136963,1617513
2014-07-30,1305,1313,1289,1290,1117.014282,2249822
2014-07-31,1290,1302,1263.050049,1295,1121.343872,2246123
2014-08-01,1293,1306,1279.699951,1298,1123.94165,1885437
2014-08-04,1297,1302.800049,1272,1275,1104.025757,1204340
2014-08-05,1280,1284,1236,1255,1086.707764,1578033
2014-08-06,1251,1288,1234,1283,1110.953003,1465812
2014-08-07,1262,1300,1237,1239,1072.853271,1973253
2014-08-08,1225,1240,1207,1228,1063.328369,1172953
2014-08-11,1242,1268,1239,1258,1089.305542,1850113
2014-08-12,1254,1277,1252,1258,1089.305542,857799
2014-08-13,1266,1298,1256,1290,1117.014282,1221925
2014-08-14,1282,1303.01001,1278,1289,1116.148438,1530809
2014-08-15,1290,1300,1279,1289,1116.148438,2586669
2014-08-18,1296,1317,1296,1301,1126.539307,1029440
2014-08-19,1309,1337,1299.689941,1335,1155.980103,1464484
2014-08-20,1334,1343,1308.719971,1339,1159.443481,2021896
2014-08-21,1338,1340,1322,1324,1146.455078,860217
2014-08-22,1326,1328,1299,1319,1142.125488,1314306
2014-08-26,1319,1355,1319,1354,1172.432007,1214796
2014-08-27,1356,1379.800049,1329.530029,1370,1186.286621,2207687
2014-08-28,1368,1369.380005,1340,1353,1171.566284,1833710
2014-08-29,1350,1351.290039,1324,1335,1155.980103,1362184
2014-09-01,1331,1354.040039,1331,1342,1162.041382,921021
2014-09-02,1344,1351.079956,1336,1345,1164.638916,1053469
2014-09-03,1355,1373,1355,1364,1181.091064,1246444
2014-09-04,1369,1389,1354,1383,1197.543335,1698972
2014-09-05,1383,1384,1364,1366,1182.822998,750636
2014-09-08,1370,1379,1358.51001,1377,1192.3479,1018511
2014-09-09,1374,1396,1374,1387,1201.00708,1470096
2014-09-10,1380,1395,1369,1381,1195.811523,807610
2014-09-11,1394,1403,1383,1388,1201.872925,1659099
2014-09-12,1387,1395,1381,1395,1207.934204,770098
2014-09-15,1391,1392.97998,1360,1360,1177.627563,1074228
2014-09-16,1358,1360.140015,1323,1335,1155.980103,1711438
2014-09-17,1339,1353,1335,1338,1158.577637,1348563
2014-09-18,1353,1375,1342,1344,1163.773193,2203604
2014-09-19,1365,1368,1333,1336,1156.845947,2912749
2014-09-22,1335,1341.069946,1302.719971,1304,1129.136963,1727951
2014-09-23,1312,1317.930054,1292,1296,1122.209839,2184200
2014-09-24,1295,1315,1285,1315,1138.661987,1630268
2014-09-25,1313,1356,1309,1350,1168.968628,2703297
2014-09-26,1351,1404.530029,1347,1393,1206.202393,2199966
2014-09-29,1393,1407,1363,1381,1195.811523,1124584
2014-09-30,1384,1440,1378,1423,1232.179565,2424364
2014-10-01,1423,1435,1382,1396,1208.800049,1404429
2014-10-02,1393,1408,1368,1371,1187.152588,1318539
2014-10-03,1422,1484.449951,1420,1459,1263.351929,4374297
2014-10-06,1460,1508,1457.300049,1467,1270.279175,1574541
2014-10-07,1465,1465,1385,1389,1202.738647,4012895
2014-10-08,1382,1389.819946,1338,1378,1193.213867,3597527
2014-10-09,1399,1418,1335.349976,1341,1161.175415,2661993
2014-10-10,1322,1363,1306.569946,1348,1167.236816,2730874
2014-10-13,1334,1383.859985,1315,1340,1160.309448,2834292
2014-10-14,1320,1366,1302,1362,1179.359497,2172008
2014-10-15,1385,1425,1323,1352,1170.700439,5181215
2014-10-16,1367,1409,1312,1403,1214.861328,3439579
2014-10-17,1411,1425.199951,1387,1409,1220.056763,1602105
2014-10-20,1409,1434,1389,1431,1239.106689,1760752
2014-10-21,1419,1469,1418,1450,1255.558838,2118000
2014-10-22,1456,1473,1432,1440,1246.899658,1481724
2014-10-23,1430,1464,1424,1451,1256.424805,924919
2014-10-24,1441,1453,1429,1438,1245.168091,834102
2014-10-27,1449,1453,1425,1441,1247.765625,986455
2014-10-28,1450,1456.560059,1441,1449,1254.692871,1241530
2014-10-29,1450,1471,1444,1456,1260.75415,1152285
2014-10-30,1456,1464,1427,1460,1264.217896,1706844
2014-10-31,1474,1506,1464,1500,1298.853882,1908431
2014-11-03,1523,1547,1516.47998,1540,1333.48999,2815495
2014-11-04,1541,1564.280029,1531,1544,1336.953735,2155987
2014-11-05,1558,1587.050049,1552,1570,1359.467041,2500297
2014-11-06,1559,1575,1537.150024,1553,1344.746826,2074511
2014-11-07,1558,1575,1523.48999,1535,1329.160522,2171704
2014-11-10,1532,1552,1517.640015,1552,1343.880981,2011385
2014-11-11,1550,1597.810059,1550,1587,1374.1875,1561049
2014-11-12,1583,1593,1523,1540,1333.48999,2414860
2014-11-13,1543,1559,1528,1540,1333.48999,1547254
2014-11-14,1541,1551.73999,1539,1550,1342.149048,1290581
2014-11-17,1539,1551,1525.400024,1544,1336.953735,1817919
2014-11-18,1515,1555,1490,1525,1320.501587,5410095
2014-11-19,1533,1569,1520,1542,1335.221802,2494062
2014-11-20,1551,1571,1540,1565,1355.137573,2037264
2014-11-21,1575,1577.420044,1543.969971,1553,1344.746826,1746165
2014-11-24,1556,1564,1538,1546,1338.685425,1276946
2014-11-25,1546,1576,1546,1560,1350.808105,1297562
2014-11-26,1562,1562,1537,1545,1337.81958,1089107
2014-11-27,1542,1638.300049,1540,1633,1414.019043,3076721
2014-11-28,1647,1701.02002,1621,1653,1431.337158,4455744
2014-12-01,1666,1695,1611,1633,1414.019043,2212245
2014-12-02,1648,1648,1620,1628,1409.689453,1177306
2014-12-03,1623,1676,1619,1668,1444.325562,1720682
2014-12-04,1690,1749,1688,1716,1485.888916,3947310
2014-12-05,1731,1763.550049,1716,1761,1524.854614,2116156
2014-12-08,1755,1760,1702,1705,1476.364014,1719981
2014-12-09,1700,1703,1617.449951,1625,1407.091919,1959446
2014-12-10,1630,1667,1630,1643,1422.677979,1820528
2014-12-11,1652,1674,1637,1668,1444.325562,1568450
2014-12-12,1656,1686,1639.650024,1640,1420.080444,1866361
2014-12-15,1635,1647,1594,1594,1380.248779,1780178
2014-12-16,1605,1631.290039,1571.359985,1631,1412.287109,2095504
2014-12-17,1611,1632,1590,1604,1388.907837,1369057
2014-12-18,1621,1649,1598,1644,1423.543945,1549012
2014-12-19,1648,1673.5,1648,1652,1430.471191,1326933
2014-12-22,1661,1664,1636,1658,1435.666504,750271
2014-12-23,1667,1678,1657,1669,1445.191528,773780
2014-12-24,1694,1695,1669.640015,1678,1452.984619,135139
2014-12-29,1678,1685.25,1630.060059,1642,1421.812134,699417
2014-12-30,1644,1681.25,1640,1664,1440.861938,872355
2014-12-31,1679,1691.400024,1652,1671,1446.923218,320708
2015-01-02,1671,1695,1653,1683,1457.314087,833990
2015-01-05,1677,1731,1673,1703,1474.632202,2162274
2015-01-06,1707,1721,1671,1682,1456.44812,2153937
2015-01-07,1695,1702.5,1632,1644,1423.543945,2361086
2015-01-08,1656,1666,1607,1616,1399.298706,2044323
2015-01-09,1616,1640,1600,1630,1411.421265,1905450
2015-01-12,1635,1646,1612.5,1631,1412.287109,1649697
2015-01-13,1627,1660.26001,1624,1656,1433.93457,1699251
2015-01-14,1646,1660,1607,1619,1401.89624,1298005
2015-01-15,1629,1650,1614,1645,1424.409912,1430331
2015-01-16,1636,1642,1582,1600,1385.444092,2154175
2015-01-19,1598,1613,1594,1612,1395.834961,730081
2015-01-20,1620,1657,1611.449951,1654,1432.203125,1537661
2015-01-21,1658,1672,1630,1647,1426.141602,2048160
2015-01-22,1632,1720,1631,1710,1480.693481,2872686
2015-01-23,1718,1743,1697,1735,1502.341064,1922791
2015-01-26,1736,1781,1728,1756,1520.525024,2706210
2015-01-27,1810,1839,1767,1789,1549.099854,4691138
2015-01-28,1795,1798.280029,1741,1767,1530.049927,1735730
2015-01-29,1802,1883.25,1787,1876,1624.43335,3226315
2015-01-30,1929,1929,1856,1862,1612.310669,2165804
2015-02-02,1855,1855,1725,1742,1508.402344,3684900
2015-02-03,1744,1766,1717,1731,1498.877319,2036956
2015-02-04,1732,1782.75,1703,1778,1539.574829,2454114
2015-02-05,1760,1780,1714.689941,1726,1494.547974,1994555
2015-02-06,1722,1726.839966,1691,1700,1472.034546,2131311
2015-02-09,1696,1696,1662,1675,1450.386963,908501
2015-02-10,1672,1740,1662,1738,1504.938721,1991175
2015-02-11,1740,1777,1731,1765,1528.318115,1656734
2015-02-12,1743,1770,1725,1742,1508.402344,2235488
2015-02-13,1742,1746.599976,1694.300049,1707,1478.095703,1804032
2015-02-16,1712,1740.359985,1700,1736,1503.207031,1281467
2015-02-17,1730,1768,1728,1757,1521.390747,1859797
2015-02-18,1757,1769,1740,1748,1513.597778,1615713
2015-02-19,1748,1785,1740,1785,1545.636108,1954773
2015-02-20,1778,1781,1734,1752,1517.061401,1555357
2015-02-23,1759,1803,1752.199951,1798,1556.892944,1692363
2015-02-24,1807,1810,1782.280029,1798,1556.892944,1634005
2015-02-25,1804,1830,1794,1813,1569.88147,1263876
2015-02-26,1755,1771.400024,1719,1732,1538.26355,2015341
2015-02-27,1742,1757,1710,1732,1538.26355,1258012
2015-03-02,1728,1737,1717.719971,1723,1530.270142,955214
2015-03-03,1730,1733.930054,1701,1701,1510.731079,1167183
2015-03-04,1710,1738,1700,1738,1543.592407,1595083
2015-03-05,1740,1744,1712,1722,1529.38208,1293975
2015-03-06,1720,1727.400024,1678,1680,1492.079956,1873394
2015-03-09,1672,1708,1646,1702,1511.619141,1383277
2015-03-10,1700,1740.660034,1700,1713,1521.388794,1760837
2015-03-11,1720,1737,1713,1737,1542.704346,1510430
2015-03-12,1740,1741,1710.890015,1732,1538.26355,1854801
2015-03-13,1740,1741,1722,1731,1537.375488,914689
2015-03-16,1730,1736.160034,1720,1734,1540.039917,1054571
2015-03-17,1753,1796,1745,1792,1591.552246,1700529
2015-03-18,1805,1838,1789,1830,1625.301636,2022673
2015-03-19,1825,1864,1817,1855,1647.505127,1849836
2015-03-20,1856,1870.930054,1836.400024,1870,1660.827271,2243344
2015-03-23,1866,1871,1840,1868,1659.051025,1130577
2015-03-24,1865,1887,1839,1884,1673.26123,2108773
2015-03-25,1880,1904,1866,1890,1678.590088,2456715
2015-03-26,1864,1877.099976,1789.719971,1837,1631.518555,2571159
2015-03-27,1880,1891,1848,1858,1650.169556,1439396
2015-03-30,1876,1886,1845,1867,1658.162842,1636507
2015-03-31,1863,1890,1848.599976,1882,1671.484985,1660395
2015-04-01,1882,1891.900024,1861,1872,1662.603516,1432868
2015-04-02,1861,1861,1832.400024,1844,1637.735474,996131
2015-04-07,1844,1850,1821,1846,1639.511841,1338525
2015-04-08,1854,1870.599976,1840.400024,1858,1650.169556,2743744
2015-04-09,1867,1901,1867,1885,1674.149292,855082
2015-04-10,1885,1916,1875,1915,1700.793701,1199483
2015-04-13,1907,1910,1872,1892,1680.366455,832520
2015-04-14,1886,1901,1864,1871,1661.715454,1276259
2015-04-15,1872,1875,1838,1844,1637.735474,964674
2015-04-16,1841,1848,1822.869995,1840,1634.182983,1404740
2015-04-17,1836,1851,1816,1823,1619.084473,1074190
2015-04-20,1827,1836,1805,1814,1611.091309,1559442
2015-04-21,1826,1863,1822,1856,1648.393188,1612141
2015-04-22,1867,1879,1840,1848,1641.288208,953009
2015-04-23,1847,1860,1825,1825,1620.86084,1449687
2015-04-24,1827,1849,1820,1840,1634.182983,1098260
2015-04-27,1836,1853,1817,1844,1637.735474,1228633
2015-04-28,1858,1858.380005,1807,1828,1623.525269,730090
2015-04-29,1834,1848,1814,1817,1613.755737,990330
2015-04-30,1817,1817,1784,1813,1610.203125,1252703
2015-05-01,1809,1816.030029,1791,1801,1599.54541,581152
2015-05-05,1801,1820,1778.660034,1779,1580.006226,1116694
2015-05-06,1770,1785,1747,1773,1574.677368,1231624
2015-05-07,1769,1832,1756,1821,1617.30835,2088501
2015-05-08,1860,1877,1841.73999,1860,1651.945801,1463842
2015-05-11,1865,1886.73999,1833,1833,1627.966064,2247165
2015-05-12,1730,1790,1638,1654,1468.988403,9272227
2015-05-13,1654,1689.199951,1638.640015,1653,1468.10022,4729480
2015-05-14,1655,1697.280029,1637,1690,1500.961548,2378228
2015-05-15,1698,1714.719971,1692.589966,1700,1509.842896,1919737
2015-05-18,1707,1707,1678,1678,1490.303833,1990219
2015-05-19,1690,1701.290039,1669,1674,1486.751099,1700946
2015-05-20,1671,1680,1643,1649,1464.547607,2644152
2015-05-21,1644,1648,1603,1610,1429.910156,2906803
2015-05-22,1614,1617,1589,1591,1413.0354,3066301
2015-05-26,1591,1639,1591,1616,1435.239014,3442039
2015-05-27,1616,1665,1616,1654,1468.988403,3176736
2015-05-28,1658,1658.339966,1617,1624,1442.343994,2294972
2015-05-29,1621,1639,1605,1609,1429.021973,2010005
2015-06-01,1611,1631,1605,1613,1432.574585,1333813
2015-06-02,1614,1626,1581,1583,1405.930176,2660723
2015-06-03,1580,1617,1574,1582,1405.042114,2567729
2015-06-04,1614,1617,1584.219971,1592,1413.923462,2630355
2015-06-05,1592,1599.459961,1576,1589,1411.259033,1708322
2015-06-08,1595,1600,1566,1572,1396.160767,1465767
2015-06-09,1571,1581,1558,1563,1388.167358,1674249
2015-06-10,1580,1594.26001,1555,1590,1412.147217,1973283
2015-06-11,1588,1605,1569,1576,1399.713257,1480173
2015-06-12,1568,1592,1565,1586,1408.594604,1264664
2015-06-15,1562,1566,1539,1550,1376.621582,2113799
2015-06-16,1544,1550.339966,1521,1548,1374.845215,1815430
2015-06-17,1548,1553,1537,1545,1372.180786,1127043
2015-06-18,1538,1565,1524,1558,1383.726685,1682742
2015-06-19,1568,1588,1560,1581,1404.154053,1645976
2015-06-22,1605,1608.150024,1577,1585,1407.706543,1932587
2015-06-23,1595,1614,1580,1603,1423.693115,1632327
2015-06-24,1604,1614.119995,1599,1607,1427.245728,1565121
2015-06-25,1604,1611,1591,1596,1417.476074,1342687
2015-06-26,1588,1594.079956,1576,1577,1400.601318,1073635
2015-06-29,1557,1560,1522,1544,1371.292725,2222167
2015-06-30,1540,1567,1538,1546,1373.06897,1391030
2015-07-01,1562,1608.369995,1562,1583,1405.930176,1562405
2015-07-02,1581,1593,1566,1589,1411.259033,1185910
2015-07-03,1586,1605.099976,1578,1580,1403.265747,908715
2015-07-06,1562,1589,1553.579956,1576,1399.713257,1181378
2015-07-07,1583,1610.26001,1580,1590,1412.147217,1675193
2015-07-08,1590,1599.26001,1569.630005,1571,1395.272461,1207308
2015-07-09,1573,1650,1571,1633,1450.33728,2683603
2015-07-10,1655,1679.189941,1643.439941,1673,1485.863037,1503735
2015-07-13,1685,1697,1675,1678,1490.303833,1385211
2015-07-14,1680,1684,1650.73999,1665,1478.757935,1160548
2015-07-15,1671,1674,1646.369995,1660,1474.317261,1064270
2015-07-16,1663,1678,1655,1668,1481.422363,1337282
2015-07-17,1673,1702,1667,1698,1508.06665,2047977
2015-07-20,1699,1729,1691.579956,1721,1528.493896,1556887
2015-07-21,1720,1726,1666,1666,1479.646118,1381336
2015-07-22,1710,1750,1675,1748,1552.473877,4845493
2015-07-23,1767,1769,1740,1751,1555.138306,1313410
2015-07-24,1744,1765,1724,1725,1532.046509,1129677
2015-07-27,1716,1725,1670,1673,1485.863037,1592557
2015-07-28,1681,1701,1673,1678,1490.303833,1788583
2015-07-29,1683,1688,1672,1683,1494.744385,1294039
2015-07-30,1691,1701,1635,1644,1460.106934,1683827
2015-07-31,1653,1663.780029,1637,1644,1460.106934,1199221
2015-08-03,1639,1672,1634,1668,1481.422363,962576
2015-08-04,1673,1674.26001,1647,1671,1484.086792,1565305
2015-08-05,1669,1709,1669,1708,1516.947998,1559681
2015-08-06,1710,1725,1707,1715,1523.165039,1268957
2015-08-07,1715,1718,1701,1705,1514.283569,1075442
2015-08-10,1714,1716.640015,1689.660034,1702,1511.619141,835046
2015-08-11,1697,1701.930054,1683,1689,1500.073364,817680
2015-08-12,1681,1691.099976,1645.98999,1661,1475.205322,1257623
2015-08-13,1679,1705.319946,1673,1687,1498.297119,1067600
2015-08-14,1691,1712,1682,1709,1517.836182,882520
2015-08-17,1715,1729,1707,1725,1532.046509,869888
2015-08-18,1730,1749.859985,1716,1745,1549.809448,1043230
2015-08-19,1738,1738,1692.719971,1698,1508.06665,925285
2015-08-20,1690,1712,1690,1702,1511.619141,1149229
2015-08-21,1679,1682,1624,1624,1442.343994,1221288
2015-08-24,1588,1620,1563,1607,1427.245728,2767483
2015-08-25,1629,1684,1613.819946,1675,1487.639404,1856548
2015-08-26,1656,1699,1634,1677,1489.415527,2285159
2015-08-27,1712,1719,1692,1705,1514.283569,1033458
2015-08-28,1704,1706,1667,1683,1494.744385,985146
2015-09-01,1683,1683,1628.459961,1654,1468.988403,1716416
2015-09-02,1662,1682,1647,1672,1484.974976,1500060
2015-09-03,1769,1793,1753,1762,1564.907837,4237726
2015-09-04,1751,1774.339966,1741,1747,1551.585693,2612177
2015-09-07,1765,1772,1735,1763,1565.796021,1199700
2015-09-08,1766,1799,1765,1793,1592.440308,1479670
2015-09-09,1845,1846.280029,1755.670044,1780,1580.894531,2347254
2015-09-10,1773,1779,1757,1760,1563.131592,2044815
2015-09-11,1760,1765,1737,1760,1563.131592,1130276
2015-09-14,1762,1782,1750,1758,1561.355347,1196207
2015-09-15,1760,1769,1747,1755,1558.690918,845269
2015-09-16,1761,1779,1756,1761,1564.019775,913631
2015-09-17,1761,1772,1743,1756,1559.578979,731533
2015-09-18,1756,1761,1734,1743,1548.033203,1311157
2015-09-21,1740,1759,1725,1749,1553.362061,881512
2015-09-22,1752,1753,1698.329956,1700,1509.842896,1107478
2015-09-23,1700,1765,1697.680054,1759,1562.243408,1052954
2015-09-24,1760,1798,1744,1756,1559.578979,1759284
2015-09-25,1786,1801.339966,1775,1796,1595.104736,1129409
2015-09-28,1791,1804,1763,1771,1572.901123,1421595
2015-09-29,1755,1766.829956,1739.660034,1744,1548.921265,1031296
2015-09-30,1774,1787,1765,1777,1578.230103,959161
2015-10-01,1795,1807,1761,1765,1567.572266,1497163
2015-10-02,1778,1790,1742,1748,1552.473877,976226
2015-10-05,1770,1808,1762.280029,1808,1605.762451,1139177
2015-10-06,1820,1820,1760,1760,1563.131592,1553056
2015-10-07,1728,1749.150024,1655,1672,1484.974976,3726756
2015-10-08,1675,1711,1675,1704,1513.395508,1397161
2015-10-09,1710,1714,1673,1695,1505.402222,1309885
2015-10-12,1690,1711,1679,1705,1514.283569,875339
2015-10-13,1711,1748,1709.98999,1723,1530.270142,745690
2015-10-14,1712,1736,1703,1704,1513.395508,958333
2015-10-15,1712,1725,1697,1721,1528.493896,1301190
2015-10-16,1724,1736,1715,1723,1530.270142,1386094
2015-10-19,1715,1747,1713,1747,1551.585693,588386
2015-10-20,1751,1756.75,1717,1731,1537.375488,1230065
2015-10-21,1735,1746,1713,1726,1532.934692,885701
2015-10-22,1726,1727.920044,1696.630005,1720,1527.605713,686112
2015-10-23,1730,1797,1717,1766,1568.460449,1358039
2015-10-26,1766,1790.890015,1759,1775,1576.453735,694264
2015-10-27,1771,1793,1765,1782,1582.670654,718426
2015-10-28,1795,1800,1763,1770,1572.012939,842984
2015-10-29,1770,1794,1728,1746,1550.697632,1575767
2015-10-30,1749,1758.5,1729,1750,1554.250122,1021580
2015-11-02,1710,1726,1685,1713,1521.388794,1996067
2015-11-03,1711,1731,1702,1723,1530.270142,1300690
2015-11-04,1737,1748.540039,1720,1732,1538.26355,1045880
2015-11-05,1734,1787,1723,1772,1573.789307,1769453
2015-11-06,1780,1806,1774,1798,1596.880981,1627807
2015-11-09,1806,1809,1763,1784,1584.447021,1094012
2015-11-10,1789,1792,1765,1781,1581.782593,773282
2015-11-11,1787,1808,1779,1802,1600.433594,951348
2015-11-12,1801,1804,1766,1781,1581.782593,731967
2015-11-13,1773,1809,1771,1790,1589.775879,1082672
2015-11-16,1755,1794,1728,1783,1583.55896,2581968
2015-11-17,1721,1754,1684,1710,1518.724365,4237402
2015-11-18,1704,1710,1670.880005,1694,1504.514038,2774247
2015-11-19,1692,1733,1692,1714,1522.276855,1276567
2015-11-20,1687,1699,1641.300049,1685,1496.520752,2332505
2015-11-23,1681,1687,1645,1646,1461.883179,1749806
2015-11-24,1643,1643,1557,1594,1415.699829,3723340
2015-11-25,1597,1615,1582,1604,1424.581177,1335013
2015-11-26,1602,1635,1599,1627,1445.008423,1012689
2015-11-27,1620,1656,1612,1632,1449.449219,1243512
2015-11-30,1641,1666.550049,1631,1653,1468.10022,1887243
2015-12-01,1655,1669,1630,1646,1461.883179,1193913
2015-12-02,1646,1681,1646,1663,1476.981689,1093591
2015-12-03,1667,1679,1619,1630,1447.672852,1515770
2015-12-04,1630,1686,1609,1675,1487.639404,1789353
2015-12-07,1680,1730,1679.349976,1705,1514.283569,1657138
2015-12-08,1707,1728,1690,1691,1501.849609,1329420
2015-12-09,1690,1705,1667,1685,1496.520752,1259019
2015-12-10,1687,1719,1683,1699,1508.954834,2094449
2015-12-11,1699,1703.359985,1658,1658,1472.540894,1196819
2015-12-14,1658,1688,1649,1649,1464.547607,1099841
2015-12-15,1657,1697,1648,1696,1506.290405,1077433
2015-12-16,1700,1724,1692,1713,1521.388794,886438
2015-12-17,1725,1746,1701.969971,1715,1523.165039,1248740
2015-12-18,1710,1715,1673,1686,1497.408813,1744343
2015-12-21,1687,1721.359985,1684.079956,1707,1516.059937,939760
2015-12-22,1720,1723,1692,1710,1518.724365,653311
2015-12-23,1720,1728.359985,1697,1724,1531.158325,1247071
2015-12-24,1732,1732,1710,1721,1528.493896,108571
2015-12-29,1721,1771,1721,1759,1562.243408,802880
2015-12-30,1769,1769,1741,1744,1548.921265,602722
2015-12-31,1743,1749,1734,1740,1545.368774,198827
2016-01-04,1740,1763.359985,1715,1737,1542.704346,1311801
2016-01-05,1745,1767,1743,1762,1564.907837,808658
2016-01-06,1764,1766.339966,1743,1758,1561.355347,1027079
2016-01-07,1721,1727.560059,1663.680054,1669,1482.310547,2484108
2016-01-08,1678,1734,1678,1713,1521.388794,1736887
2016-01-11,1715,1721.359985,1691.680054,1718,1525.829468,1210247
2016-01-12,1721,1745,1705,1720,1527.605713,1552285
2016-01-13,1735,1735.5,1686,1690,1500.961548,1346116
2016-01-14,1672,1672,1601.73999,1642,1458.330566,2313395
2016-01-15,1644,1657,1593,1612,1431.686279,1327489
2016-01-18,1605,1632,1585.300049,1601,1421.916748,945672
2016-01-19,1619,1647.680054,1619,1632,1449.449219,851270
2016-01-20,1604,1628,1586,1621,1439.679565,1604924
2016-01-21,1630,1646,1610,1630,1447.672852,1459402
2016-01-22,1650,1653,1622,1640,1456.554443,1788264
2016-01-25,1651,1668,1620,1631,1448.561157,1496412
2016-01-26,1582,1634,1561,1579,1402.377686,4341358
2016-01-27,1594,1605,1561,1573,1397.048828,2878741
2016-01-28,1564,1573,1506,1526,1355.306152,2691646
2016-01-29,1548,1564,1513,1548,1374.845215,2436354
2016-02-01,1552,1601,1541,1601,1421.916748,2062080
2016-02-02,1599,1607,1574,1587,1409.482788,1658759
2016-02-03,1587,1594,1543,1551,1377.509644,1793874
2016-02-04,1570,1572,1513,1532,1360.63501,1553120
2016-02-05,1535,1578,1521,1521,1350.865356,1962860
2016-02-08,1530,1536,1466,1469,1304.681885,2671442
2016-02-09,1468,1513,1464,1502,1333.990723,2879711
2016-02-10,1515,1537,1491,1514,1344.648438,1333941
2016-02-11,1500,1512.5,1458,1462,1298.464966,1475126
2016-02-12,1472,1492,1462,1486,1319.780396,1752831
2016-02-15,1506,1524,1502,1508,1339.31958,1112906
2016-02-16,1512,1538,1507,1538,1365.963867,1272909
2016-02-17,1540,1564,1528,1555,1381.062256,1559723
2016-02-18,1567,1582,1551,1562,1387.279175,2222799
2016-02-19,1564,1568,1532,1553,1379.285889,1490072
2016-02-22,1566,1582,1539,1545,1372.180786,777098
2016-02-23,1534,1542,1516,1522,1351.75354,1958733
2016-02-24,1519,1527.839966,1499,1514,1344.648438,1204055
2016-02-25,1477,1500,1467,1495,1378.015747,2433473
2016-02-26,1506,1511,1473,1494,1377.093872,2035227
2016-02-29,1477,1512,1476,1506,1388.154907,1497810
2016-03-01,1510,1549,1503,1543,1422.259644,1786277
2016-03-02,1552,1557.699951,1506,1510,1391.841919,1318674
2016-03-03,1514,1519.630005,1478,1485,1368.798096,1417645
2016-03-04,1492,1557,1485,1552,1430.55542,2011150
2016-03-07,1546,1546,1524,1533,1413.042236,1004614
2016-03-08,1524,1543,1507,1536,1415.807373,1229297
2016-03-09,1545,1557,1527,1533,1413.042236,1382359
2016-03-10,1529,1536,1494,1494,1377.093872,3209488
2016-03-11,1509,1522,1493,1521,1401.981201,1320647
2016-03-14,1525,1553.280029,1521.390015,1544,1423.181396,1439229
2016-03-15,1549,1552,1497,1507,1389.07666,1587307
2016-03-16,1514,1527,1510,1516,1397.372437,899086
2016-03-17,1520,1521,1477,1485,1368.798096,1786787
2016-03-18,1481,1522,1469,1514,1395.528931,1981295
2016-03-21,1508,1514,1494,1501,1383.546265,786881
2016-03-22,1440,1504,1415,1504,1386.311401,2758596
2016-03-23,1506,1528,1506,1515,1396.450684,1099455
2016-03-24,1510,1514,1491,1501,1383.546265,865266
2016-03-29,1501,1578,1501,1525,1405.668213,1971830
2016-03-30,1533,1541,1507,1520,1401.059448,1465896
2016-03-31,1520,1531,1515,1519,1400.137695,2288194
2016-04-01,1512,1528,1505,1528,1408.43335,1275647
2016-04-04,1530,1547,1520.310059,1528,1408.43335,860953
2016-04-05,1545,1548.050049,1508,1522,1402.902954,1596464
2016-04-06,1515,1520,1470.699951,1476,1360.502441,2829762
2016-04-07,1481,1482.25,1449,1451,1337.458618,2331467
2016-04-08,1459,1464,1440,1454,1340.223999,1687554
2016-04-11,1454,1465,1442,1456,1342.067505,1128065
2016-04-12,1454,1460,1438.420044,1455,1341.14563,960026
2016-04-13,1467,1484,1452,1472,1356.81543,1174354
2016-04-14,1478,1490,1471,1477,1361.424072,961581
2016-04-15,1478,1492.27002,1444.140015,1447,1333.771606,2135932
2016-04-18,1443,1485,1439.949951,1457,1342.989136,1227280
2016-04-19,1460,1477,1454,1467,1352.206665,1091763
2016-04-20,1467,1482.400024,1463,1473,1357.737183,931164
2016-04-21,1474,1476,1436,1447,1333.771606,1216760
2016-04-22,1442,1449.170044,1429,1447,1333.771606,1380800
2016-04-25,1449,1452.359985,1439.719971,1445,1331.928223,925340
2016-04-26,1446,1465,1437,1461,1346.676147,1231350
2016-04-27,1460,1519,1456.569946,1513,1394.607178,2231087
2016-04-28,1501,1515,1487,1515,1396.450684,1872883
2016-04-29,1498,1500,1472.560059,1473,1357.737183,1821902
2016-05-03,1473,1479,1433,1435,1322.710693,2350170
2016-05-04,1430,1451,1429,1440,1327.319458,1439451
2016-05-05,1449,1450,1431,1440,1327.319458,896770
2016-05-06,1435,1435,1413.650024,1416,1305.19751,1681639
2016-05-09,1445,1470.219971,1444,1470,1354.971924,2031047
2016-05-10,1490,1527,1448.150024,1510,1391.841919,3819365
2016-05-11,1502,1513,1480,1486,1369.719971,1501400
2016-05-12,1480,1495,1455,1457,1342.989136,2249795
2016-05-13,1452,1465,1429,1433,1320.867188,1557506
2016-05-16,1432,1444,1417,1441,1328.241211,1144388
2016-05-17,1446,1448,1427,1437,1324.554199,1664941
2016-05-18,1431,1492.23999,1430,1487,1370.641602,1706012
2016-05-19,1464,1480,1452,1461,1346.676147,1507131
2016-05-20,1475,1487,1456,1470,1354.971924,1767362
2016-05-23,1474,1500.359985,1464,1498,1380.780884,1346715
2016-05-24,1491,1520,1479.390015,1518,1399.215942,2038595
2016-05-25,1527,1566,1520,1556,1434.24231,3007388
2016-05-26,1560,1563.709961,1526.310059,1532,1412.120361,1240896
2016-05-27,1534,1552,1513,1552,1430.55542,1391261
2016-05-31,1552,1557,1524,1533,1413.042236,4619751
2016-06-01,1536,1541,1504,1508,1389.998413,1157645
2016-06-02,1519,1526,1512,1514,1395.528931,1239828
2016-06-03,1521,1532,1507,1524,1404.746338,1107376
2016-06-06,1535,1535,1496,1508,1389.998413,1121111
2016-06-07,1510,1532,1496,1521,1401.981201,1099398
2016-06-08,1516,1518,1484.670044,1490,1373.406982,1057519
2016-06-09,1490,1500,1480.660034,1488,1371.563477,1626393
2016-06-10,1477,1481.699951,1430,1435,1322.710693,1813495
2016-06-13,1421,1435,1413,1423,1311.649658,1448165
2016-06-14,1415,1426,1395,1395,1285.840698,1587955
2016-06-15,1406,1420.339966,1395,1406,1295.97998,1665566
2016-06-16,1394,1396.959961,1376,1395,1285.840698,1923917
2016-06-17,1404,1446,1399,1441,1328.241211,2761218
2016-06-20,1477,1526,1477,1522,1402.902954,1712029
2016-06-21,1528,1537,1511,1520,1401.059448,1620718
2016-06-22,1525,1536,1508,1517,1398.294189,1326687
2016-06-23,1531,1544,1509,1533,1413.042236,1619412
2016-06-24,1250,1332,1167,1313,1210.257324,7874592
2016-06-27,1200,1222,990,1020,940.184631,11093383
2016-06-28,1047,1089,1041,1069,985.350281,6719750
2016-06-29,1115,1115,1051,1087,1001.941772,4171858
2016-06-30,1085,1095,1051,1086,1001.020081,3364998
2016-07-01,1101,1120,1087,1092,1006.550598,3428876
2016-07-04,1100,1103,1078,1081,996.411377,2068737
2016-07-05,1082,1095,1054,1056,973.367554,2577652
2016-07-06,1050,1052,999.679993,1018,938.341125,3024424
2016-07-07,1023,1057,1016,1048,965.993591,2388089
2016-07-08,1051,1075.319946,1040,1070,986.272034,1695965
2016-07-11,1086,1106,1069,1095,1009.315796,3404371
2016-07-12,1090,1149,1090,1142,1052.638062,2470301
2016-07-13,1145,1154,1118.5,1120,1032.359619,2034688
2016-07-14,1136,1178,1125,1171,1079.368774,2916744
2016-07-15,1162,1166,1121,1140,1050.794556,3827006
2016-07-18,1144,1163.699951,1125,1138,1048.95105,2592966
2016-07-19,1139,1144,1102.849976,1116,1028.672607,2396295
2016-07-20,1110,1133,1102,1127,1038.81189,2708995
2016-07-21,1080,1098.939941,1041,1067,983.506836,6568668
2016-07-22,1061,1066.810059,1020,1027,946.636841,3585621
2016-07-25,1033,1047.180054,1010,1020,940.184631,3249452
2016-07-26,1021,1024.369995,973,989.5,912.071228,4875715
2016-07-27,996,1022,995,1012,932.810608,5099930
2016-07-28,1020,1036.719971,1012,1017,937.419373,2319341
2016-07-29,1025,1058,1021,1041,959.541321,2681116
2016-08-01,1049,1049,1013,1041,959.541321,2943345
2016-08-02,1032,1037,1011.5,1014,934.654114,2189185
2016-08-03,1021,1023,996.682007,999,920.827881,2174478
2016-08-04,1010,1013.630005,1000,1008,929.123596,1565348
2016-08-05,1013,1046,998.5,1035,954.010864,2438506
2016-08-08,1039,1054,1034,1039,957.697815,1705233
2016-08-09,1053,1082.880005,1046.089966,1076,991.802612,2976377
2016-08-10,1074,1082.880005,1061.430054,1070,986.272034,2208439
2016-08-11,1079,1079,1050,1059,976.132813,1637618
2016-08-12,1062,1101.219971,1060,1101,1014.846252,3220158
2016-08-15,1102,1105,1081.349976,1087,1001.941772,1287620
2016-08-16,1085,1085,1059.900024,1060,977.054565,1713645
2016-08-17,1069,1076.670044,1046,1047,965.071838,1406981
2016-08-18,1055,1084,1044,1078,993.646118,2531420
2016-08-19,1093,1128,1067,1105,1018.533264,5687871
2016-08-22,1099,1122,1095,1099,1013.002808,2173680
2016-08-23,1107,1116,1099.359985,1107,1020.37677,1765434
2016-08-24,1108,1128,1101.640015,1116,1028.672607,1543326
2016-08-25,1118,1118,1101.75,1104,1017.611572,1268395
2016-08-26,1100,1109,1095.790039,1101,1014.846252,1378990
2016-08-30,1101,1124,1101,1112,1024.985596,2005624
2016-08-31,1112,1123,1104.400024,1105,1018.533264,3659653
2016-09-01,1112,1136,1106.800049,1128,1039.733521,2103071
2016-09-02,1135,1145,1118,1139,1049.872803,2409636
2016-09-05,1146,1146.280029,1122,1131,1042.498901,1439448
2016-09-06,1141,1165,1134,1150,1060.012085,2013977
2016-09-07,1141,1159,1115.949951,1154,1063.698975,3063872
2016-09-08,1142,1198.02002,1142,1197,1103.334351,4686887
2016-09-09,1196,1228,1170,1188,1095.038452,3386792
2016-09-12,1177,1177,1138,1152,1061.855591,2913785
2016-09-13,1155,1163,1133,1134,1045.264038,3387703
2016-09-14,1139,1140,1083,1086,1001.020081,4665847
2016-09-15,1074,1097,1068,1085,1000.098267,2564437
2016-09-16,1085,1086.319946,1071,1075,990.880859,4152449
2016-09-19,1090,1095,1065,1070,986.272034,2266800
2016-09-20,1071,1081,1040.050049,1041,959.541321,3470825
2016-09-21,1050,1058,1026.319946,1031,950.323853,2925139
2016-09-22,1040,1053.540039,1015,1046,964.150085,2981993
2016-09-23,1045,1050,1025,1034,953.089111,2809118
2016-09-26,1030,1034,1011,1016,936.49762,3597038
2016-09-27,1018,1026.930054,992.5,1009,930.045349,4080492
2016-09-28,1015,1035,1012.200012,1031,950.323853,2633075
2016-09-29,1033,1036.079956,1005,1021,941.106384,2257867
2016-09-30,1008,1031.469971,1000,1007,928.201904,3760909
2016-10-03,1003,1015.780029,1000.719971,1006,927.280151,2166046
2016-10-04,1008,1015,990,990,912.532166,4184697
2016-10-05,986,1012,981,1003,924.514893,4395980
2016-10-06,924,957,913.5,933.5,860.453308,13515701
2016-10-07,900,954,884.280029,896,825.887695,13171294
2016-10-10,894,896,862.562012,875.5,806.991821,4690708
2016-10-11,865.5,914.5,851,900.5,830.035522,5016033
2016-10-12,906,931,894,897.5,827.270264,3957006
2016-10-13,893,896,869.5,878,809.296143,4109630
2016-10-14,879,894,872,882.5,813.444031,2549731
2016-10-17,883,898.5,872,873.5,805.148315,2081238
2016-10-18,875,925.5,865,918,846.166138,5765893
2016-10-19,922.5,930.5,900.5,926,853.540161,3224672
2016-10-20,936,950.5,932.5,934.5,861.375061,3145044
2016-10-21,936.5,939.280029,918,918.5,846.627014,1698762
2016-10-24,943,952,931.406982,931.5,858.609802,2598799
2016-10-25,936.5,940,922.890015,925,852.618408,2628521
2016-10-26,925,949,923,944,870.131653,2597430
2016-10-27,939,942,912,921,848.931396,2499760
2016-10-28,922,954.5,913.5,952.5,877.966553,3076473
2016-10-31,953.5,953.5,932,937,863.679382,1818590
2016-11-01,938.5,947.742004,929.5,940.5,866.905518,2476247
2016-11-02,953.5,979.5,952,968,892.253601,4186397
2016-11-03,967.5,1016,956,997.5,919.445251,5169337
2016-11-04,987,991.5,963,983.5,906.540771,5401949
2016-11-07,997.5,1008,977.5,994.5,916.679993,1999278
2016-11-08,994.5,1030,988,1016,936.49762,6284696
2016-11-09,994,1037,987.377991,1034,953.089111,3544123
2016-11-10,1040,1050,1031,1038,956.776123,3332390
2016-11-11,1050,1071.780029,1039.640015,1055,972.445801,3823729
2016-11-14,1064,1075,1027.359985,1032,951.245605,3470497
2016-11-15,1053,1095.5,1021,1087,1001.941772,5470719
2016-11-16,1084,1110,1042.550049,1060,977.054565,3380007
2016-11-17,1059,1084,1059,1082,997.33313,2573913
2016-11-18,1084,1093,1069.810059,1071,987.193848,2579162
2016-11-21,1077,1078,1059.5,1067,983.506836,2677447
2016-11-22,1070,1084,1058,1065,981.66333,2379849
2016-11-23,1069,1077,1042,1046,964.150085,3608528
2016-11-24,1051,1055.280029,1016.210022,1022,942.028137,1727072
2016-11-25,1019,1028.359985,1013,1020,940.184631,1697552
2016-11-28,1015,1034,995.5,1005,926.358398,2219707
2016-11-29,1003,1025,996.5,1011,931.888855,2163527
2016-11-30,1005,1008.080017,979.01001,990,912.532166,7653830
2016-12-01,992,1006,981.5,996.5,918.523499,1937034
2016-12-02,979.5,985,963,970.5,894.557983,1872357
2016-12-05,968,988,960,974.5,898.244995,1853528
2016-12-06,980,984.5,968,980.5,903.775513,1630754
2016-12-07,988.5,998.5,974.5,993.5,915.75824,2965308
2016-12-08,1001,1008.01001,970,1007,928.201904,4719351
2016-12-09,1005,1009,981.390015,997,918.984375,2014837
2016-12-12,995,995,968.5,970,894.097107,2525498
2016-12-13,967,992.5,964,989,911.610413,2153032
2016-12-14,985,1010,979.5,980.5,903.775513,2312601
2016-12-15,985,1009.219971,983.5,1007,928.201904,2275996
2016-12-16,1004,1047,998.5,1043,961.384827,3795348
2016-12-19,1043,1047.800049,1022,1034,953.089111,1936859
2016-12-20,1034,1046,1027,1028,947.558594,1619749
2016-12-21,1026,1039.439941,1025,1028,947.558594,1404873
2016-12-22,1027,1031,1017,1026,945.715088,988462
2016-12-23,1025,1037,1021,1035,954.010864,339165
2016-12-28,1035,1035,1010.359985,1014,934.654114,1089388
2016-12-29,1009,1018,997.390015,1002,923.59314,1152295
2016-12-30,998.5,1005,990.5,1005,926.358398,892124
2017-01-03,1005,1016,985.900024,989.5,912.071228,2083701
2017-01-04,990,1014.219971,985.820007,1009,930.045349,2319433
2017-01-05,1010,1055,1008.97998,1055,972.445801,2984459
2017-01-06,1052,1076,1048,1059,976.132813,3310029
2017-01-09,1060,1070.109985,1047.719971,1052,969.680603,1639362
2017-01-10,1055,1083,1046.75,1079,994.567871,2263138
2017-01-11,1060,1079,1051,1055,972.445801,2378842
2017-01-12,1056,1068,1033,1036,954.932617,1646170
2017-01-13,1037,1049,1032.359985,1036,954.932617,1863705
2017-01-16,1035,1040.719971,1014.75,1023,942.949829,3042038
2017-01-17,1026,1070,1020,1058,975.21106,3906369
2017-01-18,1063,1071,1041.359985,1051,968.75885,2592252
2017-01-19,1052,1056.459961,1032,1041,959.541321,3002475
2017-01-20,1040,1054,1036.119995,1044,962.30658,3010048
2017-01-23,1035,1079,1035,1076,991.802612,4804001
2017-01-24,1018,1075.900024,967,981,904.236389,15180962
2017-01-25,982.5,1075.900024,980.864014,1008,929.123596,6371198
2017-01-26,1005,1010,983.515991,995,917.140869,3311234
2017-01-27,983.5,988,966.51001,974,897.784119,5413765
2017-01-30,965.5,972.255005,954,963,887.644836,5318372
2017-01-31,963.5,970,950,950,875.662109,3002445
2017-02-01,948.5,960.924988,937.75,942.5,868.749023,3983839
2017-02-02,940,945.210022,931.5,935,861.835876,2899842
2017-02-03,939,953.5,934.5,940,866.444641,1971382
2017-02-06,940,944,926.562988,932.5,859.531555,2741390
2017-02-07,935,939.179993,922.5,923,850.774902,3403681
2017-02-08,925.5,941.5,922,933.5,860.453308,2761779
2017-02-09,934.5,957.5,918.5,950,875.662109,3809356
2017-02-10,953.5,961.5,947,947.5,873.357788,3227907
2017-02-13,952.5,956,943,952,877.505615,2042312
2017-02-14,954,958,946,955,880.270874,2360539
2017-02-15,957.5,962.5,948.5,954.5,879.809998,3462333
2017-02-16,956,975.5,950.5,951.5,877.0448,2624178
2017-02-17,952.5,965.200012,941.5,963.5,888.105774,2513309
2017-02-20,970,970.5,955.390015,955.5,880.73175,1702884
2017-02-21,959,965,950.343994,963,887.644836,2806410
2017-02-22,966,981,965,974,897.784119,4386870
2017-02-23,926,936,906.390015,914.5,892.223022,5582600
2017-02-24,921.5,986.530029,917.940002,931.5,908.808899,4022632
2017-02-27,935,992,931.5,936,913.19928,3138156
2017-02-28,940,995.783997,934.5,951,927.833862,4554831
2017-03-01,961,971.5,953.5,958,934.66333,3916424
2017-03-02,959,967,953.5,962.5,939.053711,2429095
2017-03-03,962.5,975,953,956.5,933.19989,2537872
2017-03-06,973,980.51001,962.5,962.5,939.053711,2879951
2017-03-07,962,963.5,951,954,930.760803,1917751
2017-03-08,951,953.5,936,940,917.101807,3029058
2017-03-09,942.5,1003.799988,942,974.5,950.761414,4972134
2017-03-10,979,984,974.97699,977,953.2005,2793980
2017-03-13,979.5,1003,978.5,984.5,960.517822,3639997
2017-03-14,983.5,1003,978,994.5,970.274231,3620285
2017-03-15,992,1001.130005,979.98999,990.5,966.371643,3271951
2017-03-16,995,1010,982.5,1004,979.542786,3803307
2017-03-17,1004,1024,1004,1022,997.104309,13991588
2017-03-20,1023,1032.030029,1009,1015,990.274841,2199342
2017-03-21,1016,1022.049988,1008,1009,984.421021,1541028
2017-03-22,1007,1008,977.380005,985,961.005615,2734938
2017-03-23,985.5,1010,983.5,1008,983.445374,2436214
2017-03-24,1006,1010,998.820007,1005,980.518433,2913907
2017-03-27,1002,1012,991.5,1012,987.3479,2112933
2017-03-28,1014,1015,993.200012,998.5,974.176758,1566076
2017-03-29,1000,1001,988.5,991,966.859497,2122610
2017-03-30,987.5,1007,984,1007,982.469727,2639755
2017-03-31,1002,1033,1000.119995,1026,1001.006897,4062795
2017-04-03,1023,1025,1008,1017,992.226135,3800540
2017-04-04,1016,1023,1004.669983,1012,987.3479,2557278
2017-04-05,1019,1025.329956,1009.659973,1017,992.226135,2246363
2017-04-06,1018,1060.079956,1009,1060,1034.178711,4392201
2017-04-07,1052,1064.5,1041,1043,1017.592773,4406563
2017-04-10,1044,1062,1038,1056,1030.276123,2073117
2017-04-11,1052,1093.290039,1049,1078,1051.740234,4210874
2017-04-12,1078,1082,1059,1060,1034.178711,2539470
2017-04-13,1060,1072,1056,1064,1038.081177,1713033
2017-04-18,1064,1068,1050.359985,1064,1038.081177,2923696
2017-04-19,1060,1125.25,1060,1117,1089.790161,5494000
2017-04-20,1113,1128.300049,1109,1128,1100.522217,3249681
2017-04-21,1120,1142,1104,1135,1107.351685,2895299
2017-04-24,1155,1172,1126,1169,1140.523438,3486351
2017-04-25,1166,1169,1156,1161,1132.718262,2800829
2017-04-26,1160,1168,1154,1164,1135.645264,2064694
2017-04-27,1158,1175,1150.329956,1155,1126.864502,3795807
2017-04-28,1154,1171.329956,1152,1168,1139.547852,2616745
2017-05-02,1164,1186.119995,1155.660034,1186,1157.109375,2829014
2017-05-03,1178,1197.540039,1178,1191,1161.987549,2085230
2017-05-04,1195,1215,1180,1209,1179.549072,4182394
2017-05-05,1233,1275.660034,1223.469971,1260,1229.306641,7094777
2017-05-08,1267,1286.689941,1254.27002,1286,1254.67334,4089549
2017-05-09,1288,1304,1278,1301,1269.307983,3768903
2017-05-10,1296,1333,1292.98999,1305,1273.210449,4887594
2017-05-11,1303,1310,1295,1301,1269.307983,2554137
2017-05-12,1304,1312,1285.369995,1294,1262.478516,3484531
2017-05-15,1282,1316,1276,1310,1278.088745,5011725
2017-05-16,1265,1271,1208,1215,1185.402832,9624761
2017-05-17,1199,1225.369995,1196,1222,1192.232422,5673362
2017-05-18,1223,1242,1206,1230,1200.037476,3680245
2017-05-19,1231,1255,1230,1254,1223.452881,3673911
2017-05-22,1254,1272,1249,1269,1238.087402,2319780
2017-05-23,1273,1311.369995,1273,1301,1269.307983,3998418
2017-05-24,1309,1354,1301,1344,1311.260498,4891566
2017-05-25,1350,1381,1346,1380,1346.383545,3265820
2017-05-26,1376,1391,1363,1386,1352.237427,2672127
2017-05-30,1386,1400,1351,1400,1365.896362,2602611
2017-05-31,1400,1427,1400,1414,1379.555298,4029896
2017-06-01,1415,1420,1374,1390,1356.139893,3399971
2017-06-02,1397,1422.609985,1383,1389,1355.164307,2529292
2017-06-05,1384,1390.880005,1341.5,1344,1311.260498,4054384
2017-06-06,1340,1367,1333.089966,1339,1306.382324,5050232
2017-06-07,1338,1353,1327,1333,1300.528442,2958186
2017-06-08,1334,1355.699951,1333,1340,1307.35791,3077026
2017-06-09,1315,1337,1294,1329,1296.625854,4148066
2017-06-12,1320,1336,1319,1325,1292.723267,1758904
2017-06-13,1330,1367,1330,1353,1320.04126,2565443
2017-06-14,1357,1387,1355.599976,1373,1339.554077,2768159
2017-06-15,1369,1383,1325.329956,1341,1308.333618,2680139
2017-06-16,1347,1370.329956,1340,1362,1328.822021,3175644
2017-06-19,1367,1378,1347.329956,1349,1316.138672,61891
2017-06-20,1353,1363.329956,1325.329956,1329,1296.625854,513653
2017-06-21,1327,1344.329956,1324,1332,1299.552856,222790
2017-06-22,1335,1339,1323.329956,1337,1304.43103,175153
2017-06-23,1337,1344,1332,1337,1304.43103,582795
2017-06-26,1339,1371.5,1336,1366,1332.724609,332027
2017-06-27,1363,1376,1330,1341.469971,1308.792114,482178
2017-06-28,1325,1366.329956,1322,1360,1326.870728,656287
2017-06-29,1362,1370.329956,1343,1347,1314.187378,2179093
2017-06-30,1344,1374.5,1350.329956,1359,1325.895142,465041
2017-07-03,1345,1375,1331,1357,1323.943848,2488666
2017-07-04,1353,1369.369995,1352.119995,1360,1326.870728,1413131
2017-07-05,1360,1372,1349,1358,1324.919434,1703278
2017-07-06,1360,1371,1325,1347,1314.187378,2416145
2017-07-07,1375,1421,1347,1419,1384.433472,5346943
2017-07-10,1419,1440,1413,1414,1379.555298,3830183
2017-07-11,1416,1419,1399,1416,1381.506592,1715286
2017-07-12,1420,1423.880005,1378,1400,1365.896362,2552562
2017-07-13,1399,1420,1399,1409,1374.677124,1473305
2017-07-14,1411,1416,1399.650024,1411,1376.628418,1888068
2017-07-17,1405,1440.5,1395,1431,1396.141235,3257324
2017-07-18,1431,1437,1394,1413,1378.579712,2897196
2017-07-19,1420,1422,1374,1418,1383.457886,3845866
2017-07-20,1437,1444,1314,1334,1301.504028,9618193
2017-07-21,1338,1349,1270.349976,1312,1280.040039,6122051
2017-07-24,1312,1315.640015,1259,1275,1243.941284,5320559
2017-07-25,1282,1289,1250.599976,1271,1240.038696,2542368
2017-07-26,1269,1284.069946,1268,1279,1247.843872,2019657
2017-07-27,1280,1289,1269,1282,1250.770752,1939102
2017-07-28,1282,1284,1252,1275,1243.941284,3055310
2017-07-31,1275,1275,1232,1236,1205.891357,2920619
2017-08-01,1240,1256,1229.130005,1254,1223.452881,2197539
2017-08-02,1262,1280,1234,1256,1225.404175,2786952
2017-08-03,1259,1265,1241,1263,1232.233643,1534513
2017-08-04,1269,1278.069946,1255,1265,1234.184937,3216640
2017-08-07,1271,1282,1264,1279,1247.843872,2194305
2017-08-08,1278,1294,1273.859985,1279,1247.843872,1854031
2017-08-09,1273,1284,1257,1276,1244.916992,1649068
2017-08-10,1273,1279.780029,1253,1257,1226.379761,1208622
2017-08-11,1251,1254,1232.5,1252,1221.501587,1434936
2017-08-14,1253,1270,1247,1265,1234.184937,1284385
2017-08-15,1271,1330,1240.140015,1322,1289.796387,4101909
2017-08-16,1327,1372,1322,1326,1293.698975,3183399
2017-08-17,1322,1329,1299,1301,1269.307983,1476715
2017-08-18,1270,1299,1255,1290,1258.575928,2895821
2017-08-21,1282,1298,1280.199951,1289,1257.60022,1407118
2017-08-22,1295,1298,1285,1293,1261.502808,1110102
2017-08-23,1291,1294,1269.5,1270,1239.06311,1371197
2017-08-24,1246,1251,1212,1214,1184.427246,3319545
2017-08-25,1212,1223,1195.410034,1216,1186.37854,2760591
2017-08-29,1216,1227,1188,1206,1176.62207,2117168
2017-08-30,1208,1208,1181,1182,1153.206787,2354777
2017-08-31,1186,1204,1185,1196,1166.865723,3799927
2017-09-01,1195,1207,1187,1190,1161.011841,2261154
2017-09-04,1192,1193,1177.150024,1181,1152.231079,1257057
2017-09-05,1183,1188,1152,1156,1127.840088,2331736
2017-09-06,1153,1172,1135.25,1151,1122.961914,2630556
2017-09-07,1155,1171,1145,1159,1130.76709,3405299
2017-09-08,1157,1164,1151,1156,1127.840088,1539616
2017-09-11,1152,1199,1152,1195,1165.890137,2318780
2017-09-12,1197,1208,1194,1194,1164.914429,3339618
2017-09-13,1192,1223,1192,1202,1172.719604,3437443
2017-09-14,1205,1228,1200,1205,1175.646484,3766249
2017-09-15,1202,1217.5,1188,1213,1183.45166,4053492
2017-09-18,1221,1234,1208,1210,1180.524658,3259790
2017-09-19,1208,1244.25,1208,1228,1198.086182,3979717
2017-09-20,1230,1235,1215,1230,1200.037476,1783460
2017-09-21,1226,1233,1198,1198,1168.817017,2612594
2017-09-22,1200,1215,1185,1191,1161.987549,2295531
2017-09-25,1189,1190,1175,1180,1151.255493,1606804
2017-09-26,1184,1218,1176,1199,1169.792603,3193390
2017-09-27,1202,1229,1191,1223,1193.208008,2259433
2017-09-28,1223,1228,1193,1201,1171.743896,2581996
2017-09-29,1211,1234,1201,1217,1187.354126,2243621
2017-10-02,1240,1284.329956,1237,1280,1248.819458,4817913
2017-10-03,1278,1302,1262.969971,1297,1265.405396,2808236
2017-10-04,1295,1307,1266.660034,1277,1245.892578,2715853
2017-10-05,1281,1297,1266.670044,1284,1252.722046,2147572
2017-10-06,1260,1280,1237.869995,1263,1232.233643,5673257
2017-10-09,1259,1265,1231,1236,1205.891357,2593438
2017-10-10,1237,1254,1224,1253,1222.477173,2706358
2017-10-11,1257,1294.670044,1255,1289,1257.60022,3265531
2017-10-12,1295,1334,1295,1321,1288.820801,2002651
2017-10-13,1321,1325,1291,1310,1278.088745,2434182
2017-10-16,1313,1315.699951,1286,1288,1256.624634,1370569
2017-10-17,1284,1323.329956,1269,1316,1283.942505,2998656
2017-10-18,1316,1327,1301,1317,1284.918213,1860348
2017-10-19,1319,1325.339966,1287,1295,1263.454102,3754387
2017-10-20,1300,1322,1296,1313,1281.015625,1632273
2017-10-23,1312,1324,1304.329956,1320,1287.845093,1410900
2017-10-24,1315,1318,1289,1290,1258.575928,1585455
2017-10-25,1287,1316,1268,1306,1274.186157,2001795
2017-10-26,1304,1325.050049,1297,1315,1282.966919,1320126
2017-10-27,1307,1311,1259,1273,1241.98999,2144239
2017-10-30,1287,1309,1284,1298,1266.380981,2357334
2017-10-31,1299,1347,1297,1339,1306.382324,2127772
2017-11-01,1345,1359.329956,1339,1349,1316.138672,5999064
2017-11-02,1346,1349.160034,1318.5,1330,1297.601563,2288835
2017-11-03,1328,1334,1287,1314,1281.991211,1589143
2017-11-06,1310,1326,1304,1320,1287.845093,2409966
2017-11-07,1316,1333,1304,1305,1273.210449,903234
2017-11-08,1304,1304,1258.670044,1262,1231.257935,2718193
2017-11-09,1261,1283,1257,1270,1239.06311,3374417
2017-11-10,1273,1285,1267,1275,1243.941284,1265006
2017-11-13,1279,1279,1249,1259,1228.331055,1010727
2017-11-14,1262,1277,1259,1264,1233.209229,1385362
2017-11-15,1262,1263,1240,1251,1220.525879,2125382
2017-11-16,1260,1306,1257.5,1295,1263.454102,1687595
2017-11-17,1298,1301.920044,1280,1281,1249.795166,1777587
2017-11-20,1296,1296,1276,1278,1246.868164,1406268
2017-11-21,1330,1374,1300,1343,1310.28479,7308408
2017-11-22,1373,1379,1347,1350,1317.11438,2759794
2017-11-23,1356,1379,1356,1376,1342.480957,2082147
2017-11-24,1378,1393,1361,1365,1331.748901,2057421
2017-11-27,1369,1406,1364,1385,1351.261719,2593103
2017-11-28,1407,1419,1394,1409,1374.677124,2134182
2017-11-29,1410,1430,1401,1407,1372.72583,1926024
2017-11-30,1406,1434,1400,1406,1371.750122,2633547
2017-12-01,1398,1438,1391,1425,1390.287354,3217401
2017-12-04,1440,1447,1421,1430,1395.165527,1442000
2017-12-05,1427,1437,1399,1426,1391.262939,1501436
2017-12-06,1444,1449,1433,1444,1408.824463,2571492
2017-12-07,1449,1461,1436,1449,1413.702759,1966484
2017-12-08,1445,1468,1436,1456,1420.532227,3002560
2017-12-11,1458,1460,1416,1439,1403.946289,2684684
2017-12-12,1452,1459,1422,1439,1403.946289,2003979
2017-12-13,1439,1447,1426,1427,1392.238647,3937436
2017-12-14,1426,1433,1407,1426,1391.262939,2280390
2017-12-15,1430,1435,1407,1417,1382.482178,7321454
2017-12-18,1426,1443,1376,1377,1343.456665,3109950
2017-12-19,1374,1418,1370,1416,1381.506592,3464738
2017-12-20,1418,1442,1415,1426,1391.262939,2118719
2017-12-21,1430,1434,1415,1427,1392.238647,2592692
2017-12-22,1424,1446,1411,1445,1409.800171,487422
2017-12-27,1445,1445,1430,1441,1405.897583,1010079
2017-12-28,1441,1446,1436,1441,1405.897583,749793
2017-12-29,1445,1464,1440,1464,1428.33728,800871
2018-01-02,1464,1501,1443,1501,1464.436035,2728992
2018-01-03,1504.5,1549,1499.5,1531.5,1494.192993,3116150
2018-01-04,1536,1536,1501.5,1510,1473.216797,2558982
2018-01-05,1507.5,1532,1501,1511.5,1474.680176,2029601
2018-01-08,1518,1541,1508.5,1524.5,1487.363525,2374725
2018-01-09,1528.5,1546.5,1504.5,1507.5,1470.77771,2098632
2018-01-10,1505,1513.5,1476,1479,1442.971924,2249231
2018-01-11,1478,1551,1470.5,1536.5,1499.071167,5351142
2018-01-12,1536,1547,1517,1529.5,1492.241699,2104728
2018-01-15,1530.5,1537,1502.5,1512,1475.168091,5212397
2018-01-16,1517.5,1538.5,1515,1529,1491.753906,3009645
2018-01-17,1532,1533.5,1514,1515,1478.094971,2333151
2018-01-18,1515,1524,1505,1513,1476.143677,1404527
2018-01-19,1545,1587,1537,1584.5,1545.901978,4326966
2018-01-22,1588,1589,1558,1563.5,1525.413452,3328953
2018-01-23,1627,1673,1624.5,1643.5,1603.464722,6001252
2018-01-24,1650,1688,1629.5,1679,1638.099976,4975245
2018-01-25,1677.5,1679,1622,1651,1610.781982,3726354
2018-01-26,1657,1695.5,1640.5,1689,1647.856323,2651164
2018-01-29,1674,1689,1661,1678,1637.124268,2782056
2018-01-30,1673,1683.5,1651.5,1659,1618.587158,2665039
2018-01-31,1661.5,1681,1655.5,1660,1619.562744,2070351
2018-02-01,1660.5,1675,1657.5,1667.5,1626.880127,2768916
2018-02-02,1668.5,1681,1652.5,1653,1612.733276,2462564
2018-02-05,1625,1652,1601.5,1641.5,1601.513428,3478097
2018-02-06,1600,1655,1580,1643,1602.976929,3760687
2018-02-07,1646,1671.5,1627,1666.5,1625.904419,2649693
2018-02-08,1652,1673.5,1602,1608,1568.829468,3645545
2018-02-09,1599,1606.5,1576,1586,1547.365356,2993202
2018-02-12,1596,1617.5,1594.5,1613,1573.707764,2137384
2018-02-13,1621,1648.5,1621,1632.5,1592.732666,1929099
2018-02-14,1644.5,1664.5,1624,1651.5,1611.269897,1797311
2018-02-15,1660,1678,1644,1646,1605.903809,1619572
2018-02-16,1650,1672,1641.5,1647,1606.879517,2184042
2018-02-19,1646.5,1669,1641,1649,1608.830811,899440
2018-02-20,1645,1677,1644,1675.5,1634.685181,1402680
2018-02-21,1657.5,1698.5,1657.5,1696,1654.685791,1125980
2018-02-22,1681,1695.5,1668.5,1684.5,1643.465942,1811707
2018-02-23,1677,1677,1631.5,1631.5,1591.75708,2494368
2018-02-26,1636,1675.5,1633,1664.5,1623.953125,2383447
2018-02-27,1666,1692.5,1644.5,1679,1638.099976,2548880
2018-02-28,1663.5,1695,1663.5,1679,1638.099976,2487501
2018-03-01,1645.5,1655.5,1599,1612,1612,2516785
2018-03-02,1596.5,1608.5,1562,1577,1577,2344254
2018-03-05,1575.5,1605.5,1567,1597.5,1597.5,2350920
2018-03-06,1598,1615,1548.5,1552.5,1552.5,4121368
2018-03-07,1553,1589,1545.5,1572.5,1572.5,2461593
2018-03-08,1577,1584,1555.5,1578,1578,1663627
2018-03-09,1581.5,1600.5,1550,1563,1563,1861470
2018-03-12,1571,1611,1571,1607.5,1607.5,3778066
2018-03-13,1605,1642.5,1588.5,1629.5,1629.5,3599426
30.10.1997,,,,,,
,,,,,,
,,,"""$%^&",34546,,
,,,,,34567,fdgGFD
